anime_id,og_score,LinReg_score,MLP_score,Tree_score,Forest_score,GradBoost_score,ElNet_score,SVR_score,XGB_score
1362,7.17,6.252094522185439,6.864869669737694,7.267358490566037,7.449630088754664,7.213942241056408,6.322659248460871,6.069596291021426,7.2328973
49386,7.5,7.522484790979208,7.3839117916002825,7.335818181818184,7.316408673299332,7.53361535875841,7.4537183031901915,7.295295864564637,7.4470363
36016,5.95,5.250313108255835,5.589447223480827,5.308055555555556,5.57882093254737,5.533218209226677,5.263928522262539,5.514568374971958,5.382894
30489,5.46,6.016198497133775,5.758693545704107,5.908906249999997,5.887593282377024,5.74335917321005,6.059907086531445,5.922101398595684,5.699971
4199,6.37,6.798695839369981,6.63690245695974,6.5072222222222225,6.546330763917341,6.570917052547528,6.785837917055333,6.7018660632349025,6.739793
40266,7.03,7.255846244570318,7.123302079220686,6.8336585365853635,6.925466774991335,7.009932793845158,7.219410579047085,6.807925833724136,7.025044
6479,6.72,6.409120903286118,6.4342650975348805,6.704285714285713,6.697016783905239,6.47730697032846,6.365322396356995,6.71452292952109,6.5124135
1795,6.76,6.993335358157409,7.379532770874171,6.889545454545457,7.021302599378633,7.237271639566153,6.98311939281261,7.2137327116441705,7.203421
35447,5.34,5.216901588680537,5.558978589363771,5.4359649122807,5.472708226315147,5.528283419695456,5.220016126452826,5.350703244565523,5.4832487
35592,6.35,6.571025645644808,6.4777767164387985,6.299863013698627,6.212579549120345,6.153551420383765,6.5456779836793055,6.363604897886222,6.081643
5042,6.79,6.855406920388406,6.562830925061546,7.734461538461538,7.6366210110258725,7.008602636216473,6.803433753807245,6.64176095133352,7.2929573
40178,6.4,5.825809419387923,6.06351165224387,5.8146875,5.874766544325932,6.047849254067873,5.846117670766211,6.023273576930153,6.0751433
57611,7.08,7.101134421853676,7.174988788863254,7.08,7.182917345530317,7.114300412556688,7.106458464488813,7.358363478200415,7.1308494
45196,7.33,7.094388527920866,7.149782316939682,7.0536,6.931913814768248,7.042302626341744,7.124605435348451,6.9844312111764335,7.07615
18653,6.28,6.428916153410996,6.319228476100532,6.512575757575756,6.456842698628809,6.28848346869474,6.387798649726687,6.512994816110245,6.152739
50274,7.53,7.466159432260723,7.497495234701226,7.052711864406778,7.0843383852608195,7.185866644731864,7.508142773680588,7.4233423969698595,7.353449
33998,5.99,5.181483675465709,5.260327809962516,5.462291666666666,5.589850179431938,5.736724016131267,5.21784738481443,5.601993539039302,5.5402718
58746,5.88,5.82314765136358,6.162840297699288,5.545625,5.980780369105217,5.520054108977815,5.87998158962949,5.919758964776743,5.694591
19781,6.58,6.2609399727546,6.061407801622474,6.218500000000001,5.972345537973097,6.233238757604529,6.263280325123798,6.285378552350782,6.024955
40876,6.37,6.40270742908156,6.664722626550013,6.05205882352941,6.426248764901592,6.7054612587234095,6.403290266640595,6.6249473118016775,6.5007806
1650,7.54,7.396081425310611,7.6667337670349935,7.675172413793102,7.740822579876559,7.925987073020477,7.4218719251742264,7.834731582756532,7.944662
31761,4.56,4.633613739628173,4.8332806392724255,4.708857142857143,4.907439597428703,5.184356281375017,4.675337035376037,4.775824517272319,4.596537
49208,6.24,6.81068134685514,7.125887485399029,7.6088888888888935,7.395250824614937,7.179819872707544,6.837547758777295,7.033908685159826,7.4218526
1995,4.6,4.1578451330146455,4.143641918599096,6.122121212121212,5.988285128382852,4.7941003916886835,4.3697027334206,4.669402977627156,5.437921
5299,4.96,5.826534731327355,5.707137085811592,5.923076923076922,5.664564448627673,5.6570144668898275,5.831176637007475,5.85176169759744,5.5775614
39478,7.32,6.540169412287324,6.223615547369723,6.05205882352941,6.640667830589487,6.6332693694651415,6.5421323705564465,6.4570908887548235,6.687083
17835,6.06,5.739699368484629,5.450101598836549,6.010399999999999,5.999473122916238,5.808724807974613,5.790875059499761,5.916572146759714,5.8726325
3458,5.57,6.480355996650021,6.1095877435707395,5.978461538461539,5.962304602401912,5.8975174868175015,6.434400588537757,5.987552418286436,5.9653563
37866,6.32,6.286003451062157,6.1282777586718105,5.961666666666666,5.922275331978694,6.115107281901598,6.268686797596705,6.16737239486296,5.7455187
3940,6.57,6.231553702621175,6.8719645057133665,6.783134328358208,6.768379502978886,6.7681837194327965,6.23933242755216,6.4078613170680105,6.841522
37975,7.44,7.190853429850462,7.523214466086673,7.349374999999999,7.330465106989385,7.571891004925663,7.224682549294905,7.441445363728419,7.514117
1929,6.99,7.21443842755046,7.4633751313036365,7.623469387755104,7.5029427401548565,7.317835498375593,7.206364897296517,7.184018700825388,7.39501
4872,7.81,7.2351730045031415,7.493016758713019,7.536326530612245,7.404610795176364,7.787076290829445,7.211520832658811,7.661286107521802,7.814807
53132,7.05,6.931348776918291,6.5076412813157125,7.061666666666666,6.708957916342987,6.825000453107418,6.846334860432611,6.488461323818392,6.8626246
4209,6.43,6.859564260121308,6.637900267681258,6.828596491228068,6.894107977634504,6.69622343835608,6.866063637267456,6.708307196815965,6.678623
55237,6.89,6.806599097994746,6.969356210027995,6.941333333333332,6.762190454177382,7.1541595430527485,6.810331095831104,6.917211621272161,6.9749327
36800,7.11,7.537708914761792,7.490491600327694,7.5365957446808505,7.4569122031876915,7.628396897246486,7.535691555541377,7.736506353666057,7.574753
10196,6.37,6.164058969529594,7.319555259050352,6.730535714285714,6.757539001687961,6.4861838183925355,6.175172494485109,6.638321046301646,6.5189414
30093,4.7,4.548145778109527,4.972483666850356,5.461666666666668,5.215397189737744,4.63848830874116,4.417724575507341,4.6627172205589416,5.0022416
3411,5.69,6.036080007630993,5.759313897883962,5.741269841269844,5.573240749584624,5.714985758057471,6.051416235429495,5.723504651295006,5.624934
9978,5.93,6.423510404334772,6.222316654064975,6.159999999999998,6.075833643353717,6.254200909351264,6.409946999018984,6.310029913718693,6.0733423
29787,7.77,8.0708528402894,7.745048825286717,8.040967741935486,7.870114203230495,8.062041338719325,7.9867156537389645,7.229958621229682,7.967961
8861,6.02,6.3501994004813795,5.856336859039431,6.639999999999999,6.565225048314062,6.166782448630939,6.292669417724065,6.192235106820659,6.1723366
36827,6.75,6.3664549538914805,6.497584027988673,6.221428571428571,6.288896653248326,6.3074251966954415,6.375525478790067,6.842033572730531,6.3693414
10298,7.36,6.645520056541716,7.1352199257146856,6.975076923076921,7.108895259631518,6.944685575877696,6.651150302910167,6.9913327099114095,7.0798144
48352,5.86,6.3590903328129045,6.071783514429588,6.785,5.9365133557968015,5.929418144443994,6.474058954281584,5.894474976380544,6.0420628
42357,5.17,4.630530481906949,5.2298095670706415,5.115135135135136,5.1623735341886094,5.142501865875226,4.631280397538223,4.911412797406406,5.119353
3890,4.95,5.249847797034448,5.384550347735338,5.037,5.270170334722981,5.0195683994654745,5.275814029701337,5.765805369173666,5.223477
15141,6.14,5.287118537301291,5.771341241827381,6.212666666666666,5.870954400786703,5.714234642085668,5.329357969794722,5.316805699414749,5.526558
53919,6.67,6.206972527514975,6.153575637796383,6.322142857142857,6.3169775801110575,6.196151731050155,6.237742579108448,6.201555642195272,6.1839247
3185,6.59,6.482986746549341,6.298843025902297,6.6364285714285725,6.711938747573588,6.748458302305935,6.56065504776989,6.773159187365584,6.68944
4723,6.58,6.828132523296231,7.078227902734298,7.071481481481483,6.8924409272382885,7.100941098428562,6.815630411278943,6.787553629007639,7.1078615
39527,4.8,6.165852712649758,5.852536156591008,5.451290322580644,5.596560720942181,5.776870368793269,6.137699004677721,6.174698405140003,5.794237
173,7.18,7.416117185158462,7.417082303970154,7.295593220338982,7.235943688245833,7.3048654837687605,7.398072285221581,7.6180355472661585,7.369422
33245,4.77,6.203600696205548,5.851237550905778,6.6913636363636355,6.011164109172317,5.254571584933571,6.236024627543277,4.977681679213195,5.4571605
42161,7.3,7.7658550638744686,7.148385646057676,6.743650793650795,6.778909804658408,6.8951636508485645,7.695455818790821,6.669944602178615,7.3103967
110,7.6,7.502688025397797,7.632986036974745,7.295593220338982,7.41772397733139,7.740243422964989,7.484608754323441,7.3813119934232585,7.664846
33861,4.93,4.318429971459186,4.76570140951246,5.115135135135136,5.30625994746981,5.251341880880531,4.421113227072601,5.2073721966242275,5.1633654
9906,6.1,5.893407612972953,6.000620841474093,5.759,5.977456442757358,5.1875802530767805,5.923607811118119,5.839260877794392,5.990879
17687,6.17,5.752979443784959,5.917749523345286,6.03848484848485,5.93523299763472,5.733531454005993,5.699586647202398,5.737203545936481,5.8228455
30727,7.76,7.679393981575716,7.36892269819522,8.040967741935486,7.908704083283489,7.631010021282493,7.647886405944826,7.559285561207551,7.8020654
19103,6.51,6.820364823759624,6.8659096302946026,6.8927272727272735,6.730964758025904,6.721749063838917,6.816297372822258,6.844565008587352,6.727066
32664,6.76,6.327347770128299,6.178938699563781,5.8146875,6.061490902492733,6.333352067999726,6.361239805999369,6.184227648058577,6.6140933
2343,5.65,5.536727028936726,5.628155317852305,5.4595312499999995,5.870638542266627,5.668797431059813,5.586847361727736,5.5020853175614635,5.575688
60182,6.32,6.41740279411258,6.139741626115956,6.512575757575756,6.571836082231863,6.558515855567967,6.423263611153334,6.398290045220707,6.6377187
30686,6.12,5.981200001184879,6.134094073260618,5.610263157894737,5.761164422256621,6.091156977547585,5.978571789311273,6.3165910423259835,5.9431605
37345,6.64,6.499263113464952,6.397275040114734,6.319534883720929,6.498772656342816,6.552408916532313,6.525237644715948,6.080463462431294,6.5500355
13335,7.28,7.522598353314517,7.1269937917539306,7.022857142857144,7.261721348538163,7.4872836879948785,7.4863756722255275,7.064630147419685,7.3172255
24877,6.2,6.206239754981592,5.999078782388832,5.891777777777777,6.089680254554526,5.97308115507718,6.203606832652582,5.981115442913062,5.9197907
34389,7.02,6.896520765834944,6.916290598172283,6.63,6.604604942453494,6.723507697487507,6.865876027591535,7.100918375690055,6.756153
4548,6.78,7.11461816570346,7.319816099313355,7.413230769230767,7.365796604165731,7.336861737059083,7.154774597460694,7.030105164049961,7.3513656
30524,6.38,5.603351891817138,5.412398974985161,6.159999999999998,5.910662533101838,5.773160177611941,5.643304661224656,5.6216209577030085,5.712786
1468,6.14,6.863403777861795,7.2148537370283385,6.532799999999998,6.69609994675634,6.906381852947846,6.839160277981997,6.6813303869864935,6.7551136
1694,6.45,6.584311984670443,6.5934463337664155,6.395217391304345,6.457986361255591,6.553866965148985,6.600925649992579,6.58847986064579,6.395377
38935,6.4,6.034391414644681,5.985434298022198,6.461250000000001,6.5540532990588956,6.073918737965445,6.076454666059022,5.909110250638632,6.252313
60775,6.3,6.687389477945917,6.526432840594862,5.755593220338983,5.736168880688544,5.926856247444271,6.641147210273523,6.555168487756173,5.811048
40842,7.41,7.302597479943531,7.281908099828175,7.625156250000001,7.2284539405123125,7.397459205203618,7.296751511854527,7.034383600643978,7.5518823
3689,6.62,6.370034075452872,6.5543285724487745,6.757857142857143,6.470716454167791,6.256788434998862,6.386207204569792,6.733413220109808,6.3831663
15905,7.07,6.78872654823796,6.584716998148345,6.289361702127661,6.371200014947882,6.513593285728381,6.766773092564691,6.651924513577957,6.5412674
42632,7.22,7.097028827096151,7.397834260841136,7.281052631578947,7.200226442295321,7.346226289060323,7.02590943115595,7.301367221733831,7.357916
15881,6.21,6.3100605354307735,6.635143419994381,6.8108571428571425,6.5531237405786475,6.348050241707273,6.295212233045075,6.630612730675419,6.4942393
5891,6.78,6.547443301395366,6.445701935820149,6.756874999999998,6.571659575967436,6.479277426983759,6.548544739687332,6.378560838248127,6.4978046
34538,5.82,6.591641416926177,6.52023854144292,6.369400000000001,6.387438628504732,6.216363167141707,6.5744694698704125,6.580275200673068,6.305731
40412,4.92,4.80418517299152,5.442738304436273,5.115135135135136,5.1727302194209415,5.431232159011421,4.797835461194568,5.335930594081264,5.475285
1926,6.14,6.011919776340188,4.9443220268004096,5.5745000000000005,5.831108067637028,5.727007940834393,6.100838988484538,5.402204823944276,6.170907
10075,7.36,6.415408112698117,6.644803529052438,6.922826086956522,6.781333278989906,6.751423429699912,6.411070044489676,6.483836458169628,6.703957
35566,7.1,7.043555517135026,7.092821611422006,6.493243243243242,6.80207292691723,6.887717578916889,7.023045842987036,7.069657731828416,7.1663723
31302,5.2,5.9863444201632205,5.870453705269725,5.908906249999997,5.999832071234694,5.818939759537878,6.011013742988396,5.938744418274769,5.8702235
30014,7.04,6.900990807601155,6.950210126911565,6.63,6.549625609697007,6.998008139760636,6.862740194385656,7.14162995962373,6.6708684
8100,7.41,6.580875507953883,6.904570149046901,6.532799999999998,7.054115935491297,6.837748721442595,6.607207466816513,6.9953396191521735,6.9332347
13221,7.35,6.408175230116416,6.872289802479478,6.783134328358208,6.969215612184479,7.0325569828629355,6.391269329198193,6.783078434288313,7.009241
3614,7.04,7.3316373583515295,7.418521792483533,7.057777777777776,7.085851756131234,7.063937300210576,7.328528418607211,7.120888294008646,7.1856847
32740,7.32,7.065107295791861,7.454113712285714,7.49558823529412,7.422330526885995,7.288443998145166,7.0370360210955925,7.299243749685254,7.367038
16355,6.65,7.001567308905915,6.999679290423046,6.319534883720929,6.596436904558375,7.002351424330616,6.9927974796570584,6.658742946729086,6.772934
12929,6.29,6.269189357899264,6.234868125427537,6.862666666666666,6.595833630321648,6.706783275706678,6.2509530695736855,6.320436084594175,6.627807
7366,6.63,7.202440266827854,6.9937684381277805,6.8441509433962295,6.7610140996685235,6.618980557055052,7.202104777855728,7.157609060082891,6.705339
54294,7.09,7.123960711548136,6.94173364258016,6.869019607843139,6.707169325819972,6.891736697725692,7.1138522178509325,7.176671392405888,6.998122
959,7.29,7.084542949498079,7.18075536381415,6.718611111111112,6.748631294650412,7.148486529442166,7.091129727313063,7.3036926943432,7.0476995
6675,8.29,7.266772235031312,7.669116742887275,7.9001492537313425,8.0022929264999,7.995622874848752,7.247172044868817,7.350217125379572,7.9669976
330,7.21,6.81374489958159,6.784524210368571,6.795185185185185,7.058569314205209,6.948620413663957,6.8224264266330605,7.121754664206454,6.975082
9638,6.29,6.182099185373876,6.5463969434386255,6.846666666666668,6.55205707015887,6.384740254491035,6.1868994356043405,6.305545720895828,6.477216
13215,6.26,7.606272740108248,7.020412728508357,6.7235,6.685717818323827,7.247777918364599,7.636984339134036,7.075855707104067,6.817122
37334,5.26,5.517828779100614,5.382042466758216,5.345090909090909,5.330572574726062,5.1872823368671055,5.532554929796115,5.446832980862421,5.167128
1609,7.23,6.47276572514381,7.385311303508408,6.908431372549019,6.502357605657676,6.956014274554698,6.466968087066876,6.514454538121695,6.811608
4042,5.3,6.1543406491985575,6.169858776241686,6.122121212121212,6.309065043643546,5.849069290400228,6.199635417547976,6.093070351967045,5.697842
35075,7.88,7.461490033182261,7.885386233396436,8.040967741935486,7.942168632224754,7.890773709987376,7.444590477575763,7.631717595020379,7.986537
3025,5.53,6.027390550955829,5.462133389823402,5.473387096774193,5.705853420424052,5.756263980619569,6.064847350176564,5.930747512011248,5.5523977
27453,5.63,4.94714224281291,5.696067076225323,5.74857142857143,5.531670219158082,5.529016576221257,4.924094250169392,5.877574244120899,5.0565686
4242,6.38,6.446401512101296,6.54557880331097,6.5072222222222225,6.662814858697515,6.53747923674416,6.503875124635466,6.524683323902339,6.5638914
42223,5.79,6.4890190479205625,6.001704139586865,6.299863013698627,6.33013586908594,5.986448757256298,6.449511390816448,6.100614963254495,6.1360526
29163,7.03,7.116322192446348,7.045859283153582,6.8842,6.923876957096571,7.129739105939798,7.055736776789336,6.897889087132894,7.0565906
30826,5.4,6.03683946941682,5.687643386674964,6.115999999999999,6.330017173119201,6.179091029650405,6.101887658943141,5.742027547082853,5.9307103
4149,5.0,5.770047199899416,5.452342126284103,5.865405405405406,5.847878790462409,5.448347442332975,5.836506006798256,5.254096450118109,5.4901404
34036,8.24,7.48807670555647,8.092430446549109,7.130000000000001,7.288920558233213,7.822761626167861,7.494754347633377,8.159458132224637,8.084982
48914,6.63,6.31771296443706,6.098204830980298,5.823333333333336,5.98337755922585,6.318116450096058,6.3751612274946226,6.182192402505963,5.9156795
31598,6.41,6.5736452912046595,6.333062859491599,6.0134285714285705,6.274351019120919,6.304716920945212,6.577151942951403,6.455606985197393,6.0767155
33723,5.37,5.357412312133892,5.146989098267737,6.437916666666666,6.23117389118505,5.842945044868351,5.484309336050576,4.703805698162957,5.8258014
19855,6.66,5.887466125520958,5.669367015561629,6.410833333333335,6.223677091584004,6.137111459047119,5.950462428748234,6.237492484731921,6.1027412
9465,7.81,7.51830479301144,7.652626639721393,7.478750000000002,7.411018618164547,7.304272456419455,7.461265101923467,7.524633898512679,7.472596
21129,5.72,5.742302474595359,5.743505778094211,5.823333333333336,5.976560423975961,5.971126675072945,5.7517124644527104,5.639042334427169,5.8021765
7178,6.75,6.1256283818854795,6.476684566211152,7.130000000000001,6.681514383102474,6.6809169493942475,6.15150300979147,6.212424040415893,6.6920204
10155,6.84,6.730551168499619,6.472048606913065,6.625000000000002,6.524089214496876,6.474451357610726,6.684887442154483,6.673038330930385,6.3871965
41796,5.64,5.368256648000813,5.147915588757015,5.115833333333333,5.18540283997688,5.326475982486353,5.376071045702964,5.317797493012277,5.396681
2785,5.4,6.711521455148966,6.385663997310073,6.5293220338983025,6.3486912916153795,6.30223529640564,6.701167483879447,6.638717702011373,6.3244576
6992,6.03,6.286942318116976,6.150496546617387,6.0194117647058825,6.513499143981722,6.253867720281939,6.325810486318357,6.326931143570182,6.3026433
1349,5.93,6.590477286261097,6.604839169712474,6.064523809523812,6.6288290487208315,6.553741680755299,6.645274883922886,6.648324723825507,6.4579396
34427,6.36,5.439175531784523,5.718543269975958,6.319534883720929,6.26996957469756,5.919904474493912,5.536106177500769,5.863344344465426,6.0608435
34289,5.72,5.727229552719759,5.584976134870415,6.03848484848485,5.952591966900722,5.7699849196393505,5.749172453545188,5.546768800000876,5.814784
780,7.88,7.585229131668217,7.879827992134955,6.908431372549019,7.4551532978518145,7.852978667151244,7.569994654901737,7.9503881135491525,8.039657
1025,6.95,6.6723761012265355,7.2104690795398225,6.973437499999999,7.174183508984253,7.167720778393639,6.65170330422214,6.8459882023978516,7.1550837
3863,5.78,6.180138977020823,5.924734800400699,5.755593220338983,5.692884616510756,5.829856761605623,6.158333266545372,6.195176673366058,5.8804717
41190,6.35,6.910165065502871,6.904540313118562,5.9434693877551,6.267991311551313,6.702948883192601,6.914201026917588,6.373615940646426,6.3240333
55844,7.47,7.4269397002301645,7.361052586798,7.2961016949152535,7.282874841127403,7.423516930507491,7.393266436435358,7.638327637578544,7.429916
4266,4.69,4.398030520152374,4.420239225403366,5.934166666666667,5.9173327403463,5.091168948008138,4.670132823694308,5.1790912434918805,5.9239717
40787,8.38,7.647840661518505,7.617670237151455,7.9001492537313425,8.023557413983267,8.294035615425882,7.680500753058185,7.504602819522292,8.188453
15717,6.09,6.4543648933261295,6.2771362608829095,6.5293220338983025,6.375976175248162,6.248374306187865,6.467332822128671,6.252997643869257,6.2757792
56146,7.02,6.863401524767731,6.839941107262746,7.186888888888889,7.082553715508815,6.977744213647697,6.827788780937175,6.339802774565168,7.1105485
18795,4.86,5.370743164473348,5.225666611085329,5.341923076923075,5.262028855704903,5.339473355012967,5.3715814785277605,5.065590237540304,5.2695546
3519,6.44,6.837075115628857,6.555548490204184,6.3374999999999995,6.181153068850927,6.1633555511036064,6.85023213587599,6.749272503698641,6.4201202
41488,7.59,7.441879073763019,7.655768453940097,7.8244776119403,7.596679937190664,7.582506142701754,7.3954736313,7.710382855682803,7.665882
1535,8.62,7.808089594145226,7.602909269974119,7.329090909090909,7.162627065991977,7.701862090732994,7.775227457809551,8.006005845873595,7.9447155
22607,5.44,5.266158848113777,5.650847819706399,5.787704918032787,5.847628159127192,5.829762703489672,5.267376853174063,5.704082960420567,5.726681
38534,5.93,6.008650576984118,6.04192232353908,6.068194444444446,6.174896840625046,6.234645298144007,6.036687923120617,6.285728551598572,6.189864
55033,5.83,6.065284850046626,6.073059571438908,6.573589743589741,6.237910452545344,5.621732605804494,6.104351538172566,5.98394913863345,5.9819407
51664,6.48,6.851144250900878,6.565040251831382,6.743650793650795,6.858297135480168,6.811486215924744,6.8614702420349225,6.79374741636358,6.8332562
193,6.72,6.7959878226310355,6.804468979519091,7.099545454545453,7.024756880247144,7.023146571183608,6.776162547827562,6.829513680254318,7.057621
3785,7.66,7.423575419935211,7.7139301410244085,7.9001492537313425,7.818956770550518,7.836877236685487,7.4415612869426155,7.7693005267935655,7.8515296
1353,5.59,5.433169417948774,5.31171302472776,5.865405405405406,6.024807347093665,5.58112878890939,5.476160061321468,5.428680306449387,5.6781654
34649,7.28,7.368539627012363,7.446340552430902,6.538918918918919,6.8047241967311685,7.388480214496796,7.254232869092968,7.247027737556277,7.339746
9548,6.51,6.848903584279156,6.563362710828254,6.197391304347827,6.170770851641345,6.504169921722208,6.822722994137424,6.554225396713776,6.664503
31098,7.88,7.645251172793221,7.440542419583232,7.625156250000001,7.691226230481549,7.67561835537648,7.535908103023093,7.41769050143831,7.708576
9496,4.95,6.1658043361573895,5.542559191480151,6.459714285714288,6.071660114713137,5.660533920270043,6.179436688523921,5.9186382550589,5.7757797
19285,7.41,7.202592374207633,7.314165408465465,6.812499999999999,6.590299830308624,7.173727465552571,7.23011524436679,7.378665516058264,7.2077613
57936,7.03,6.659961058654694,7.092376855253639,7.130000000000001,6.980796956884895,7.002651542406045,6.629016865381277,6.7556125787091466,7.1708994
31439,5.38,6.092179572251155,5.683168134469869,5.308055555555556,5.58349850207878,5.582448439963607,6.102418663836984,5.798096964920454,5.4730053
41545,5.61,6.041986958697489,5.534808432967379,5.535882352941178,5.731572147163668,5.419856360866027,6.130124601741992,5.2867417403650405,5.684908
2604,6.99,6.640090644234634,6.682176348469705,6.834473684210527,6.800506069551409,6.671880175526016,6.6418099587872,6.667471670262897,6.5959306
22625,5.67,5.136878939991381,5.486859430717582,5.787704918032787,5.729737580857191,5.659498018379128,5.14418691403829,5.414708310972976,5.6940584
28675,8.14,7.766431397185766,7.842342103536235,7.9001492537313425,7.9806474294545104,8.007267867131896,7.74811359688711,7.867729677406117,7.921302
30711,7.12,6.62969158710059,7.502159013552154,7.328611111111112,7.350430120725949,7.337768854713462,6.616417651079274,6.949050437754828,7.3583827
4450,6.49,6.772757150840429,6.742549848102089,6.467894736842105,6.586538766768188,6.727919575278105,6.727786238228794,6.682923514745618,6.904433
35335,4.66,6.499805674445913,6.019899712257619,5.884225352112676,5.91440963029815,5.766017441839492,6.527169997957751,6.3704800353272795,5.7852874
6919,6.31,6.46633576581463,6.4347225482990735,6.542162162162163,6.5682566754773255,6.605859695801871,6.465962074154874,6.452201097616516,6.6445317
49681,6.92,6.573871163730004,6.304281659402069,6.05205882352941,6.164277876976349,6.193367110779364,6.55879406319866,6.570042706730026,6.2864876
42422,7.22,6.765410955050611,7.115512545960813,6.487868852459016,6.655992627182657,7.035190776985202,6.7538309397023175,7.016022235427795,7.1049647
4531,3.26,5.329083020441161,4.865566328526412,5.473387096774193,5.605817901459272,4.661277941799873,5.434136625663261,5.770256481160829,4.8626027
48889,5.59,6.652122473842309,6.305496813078046,5.544285714285713,5.8879656250083725,6.139941526690386,6.637601192194576,6.676992175097977,5.918248
7504,5.34,5.0703238193863225,5.036121747389458,4.889375000000001,5.2815560120574885,5.325450031466796,5.07866170125631,4.993744070376811,5.522688
3281,6.83,6.868083320470889,6.958460491109112,6.437916666666666,6.486496463974676,6.852719836891495,6.8547045129803585,6.73940687207511,6.7751403
10207,6.35,6.362990651880631,6.134355149045842,6.6599999999999975,6.485511461744269,6.3594049804093435,6.362634011304682,6.434564175992083,6.3995266
1904,6.38,6.42806028999389,5.886643437436778,5.938412698412697,5.993924966638903,6.427844719247563,6.4264729251351485,6.5309873249491615,6.2799053
31757,8.56,7.4340039576405985,8.387630158790635,7.9001492537313425,7.900081076289731,8.019244692734002,7.396370099309084,8.236845442583531,7.9774704
33881,6.41,6.286225731151491,6.285330475442488,6.3175,6.083867398531015,6.428053194724853,6.2689471845358336,6.446133765938473,6.324031
121,8.11,8.31259951306155,8.041137432471363,7.734461538461538,7.650249119315368,7.914543258312333,8.274895752888316,8.088950044902493,8.200712
49771,6.02,5.5293923921575585,5.500382102709447,5.86735294117647,5.682531942472119,5.564970246623315,5.554870214056667,5.514239653448132,5.600765
5250,6.25,6.832173560804209,6.541405428910746,6.064523809523812,6.3972397197207185,6.597931741972575,6.861980556779381,6.8772139964379075,6.4556108
9561,5.64,5.990719535050353,5.8333459584566825,5.857250000000001,5.929636182934628,5.756736125200823,6.027920195059365,5.755972936877917,5.5433226
1116,7.13,7.20903905137537,6.929099175112292,7.022857142857144,6.99904880938322,7.133634412884924,7.260694893765082,6.9464497997109955,7.004664
11569,6.93,6.3309040367566105,6.255987771815388,5.865405405405406,6.014528133148701,6.227967499388077,6.296238153096114,6.374956397872364,6.3118196
405,6.87,6.927181696733663,6.605709913392708,6.973921568627452,7.007252914469708,6.826785625213613,6.877679526143607,6.929334532441742,6.52281
31838,6.82,6.864778512518284,7.0057563649605985,7.186888888888889,7.255382027823885,7.111670272552938,6.844430907785069,7.212691624597772,7.0258203
9501,5.62,6.209589096833156,6.081927428623637,6.218500000000001,6.012621557328322,6.148199648351338,6.215470929071342,6.088186773447597,6.0279036
5725,6.57,6.81188004908548,6.8203694343000665,6.889655172413793,6.896867263482922,6.604629604214071,6.815481066601017,6.794108505770219,6.7321715
54617,7.25,8.006819815694392,7.423965137400071,7.08,7.186175428756053,7.360595064926725,7.9388628159598005,6.719279851346382,7.400633
27419,6.79,6.846544829372391,7.264855688733957,6.975076923076921,7.059047012953819,6.920508153984677,6.810149989374273,6.775817901306913,7.17471
15201,7.21,6.850830517005883,7.426622344386242,7.4733898305084745,7.3239201270552226,7.292692024861918,6.844738444931053,7.149425480259051,7.2972302
25877,6.46,6.236709913057747,6.378612638392859,6.630303030303029,6.581715156713652,6.489026384547776,6.241337714211948,6.367569635007342,6.5301504
20961,5.91,6.730758128370636,6.793818077716746,6.167794117647059,6.245482928488054,6.518363657571007,6.720406669607749,6.7749414359056175,6.245026
29611,6.45,5.8819360801033564,6.107286968398464,6.209574468085107,6.3695197178482825,6.115935153826368,5.840273165665537,6.373126060130192,6.1221924
58143,7.94,7.563426679571296,7.608776964414653,6.8108571428571425,6.9930550769154625,7.846690802899068,7.478209778644968,7.55039884844444,7.082902
31994,6.33,5.879925261795235,6.545620086816426,6.920588235294118,6.907921250352374,6.526615389608048,5.927811919095671,5.9898751035998865,6.6532526
50444,7.51,7.172280034102588,7.0189029952938835,7.335818181818184,7.306141973679435,7.37623467726011,7.195762395334113,7.037706040169317,7.692996
5819,6.39,6.226509763514622,6.3557615103771,6.280909090909089,6.428221487975824,6.2311571252495845,6.22880051139177,6.350862882663154,6.280167
2589,7.07,6.807516249324415,6.921685488240212,7.3471794871794875,7.166303464118881,7.155523070576411,6.790084115481296,6.713780337124257,7.0170803
35593,6.51,6.129904876210377,6.39668967674969,6.197391304347827,5.966895597028924,6.423928723918333,6.102857818378445,6.315051047749314,6.247155
37520,8.25,8.032775859908707,7.989695025879349,8.166470588235295,8.023481095350594,8.461906825608521,7.990218001836902,7.478382509295388,8.168061
50526,5.89,5.631704724894363,5.797768806130292,5.535384615384616,5.717904627783732,5.788599230986415,5.661508975736817,5.796781902975196,5.8242726
6672,6.51,6.290050487090202,6.3427633240411065,6.834473684210527,6.624227276119294,6.372277092699254,6.30723159656265,6.109697964915885,6.372086
1678,7.25,6.996626807886641,7.311031555718321,7.064912280701751,7.096274482524421,7.063376574202031,7.040154659830365,7.266487153434756,7.0220685
21829,7.38,6.581879843933673,6.539162422960916,6.630303030303029,6.800766451050095,6.833549499250497,6.554115868340428,6.543416896586365,6.6820464
6695,6.1,6.458153313821726,6.25804048812748,6.101521739130435,6.103306473962147,6.151790985050585,6.460677343733521,6.464298637486572,6.037502
14827,6.5,6.752179584385182,6.491418721259727,6.8842,6.7788644705152015,6.605579003465688,6.772333041655851,6.393056490582367,6.503987
3639,5.29,5.806107809774429,5.400272181366288,5.037,5.276517605744385,5.265472772273961,5.825372787560827,5.729688631610262,5.1789923
5681,8.01,7.471100450375358,7.604303281548369,8.209534883720933,7.9912165658314045,7.749473530454442,7.467817433068538,7.902069793960864,7.9408803
44275,7.26,6.917530131359444,6.819004664094112,6.869019607843139,7.050696076333977,7.0129447731227215,6.918290456188027,6.906937068172108,7.105675
2442,6.36,5.90218826410732,5.622652204731805,6.014482758620691,5.71222912154014,5.815201633302659,5.897262570244438,5.863534951805936,5.733942
377,6.67,6.6834414938231195,6.198673379263827,6.818947368421055,6.357553289278541,6.35517520017497,6.640655073102245,6.161973580045887,6.3585577
50810,6.22,5.657946839311541,5.703988722042188,5.533636363636364,5.619141430707048,5.734212544436021,5.657095076144717,5.62206997288906,5.6916647
18619,7.72,6.809938164264008,7.61474901708569,7.488947368421052,7.295754490578096,7.392874659150233,6.792103782048817,7.288473602999986,7.4650955
2306,6.18,5.989514086512492,5.5555348245029625,5.788793103448277,5.669812714966128,5.735901878546593,5.999410588376592,5.870818536906725,5.7167926
23735,6.12,5.94551722244995,6.209070580890998,6.244137931034484,6.337314737674955,6.11963251650407,6.008508586707237,6.408764695692314,6.280426
12375,7.36,6.502242733981431,6.805786243027895,6.783134328358208,6.987857246579564,7.2230873886961,6.510776505469338,6.645173779200491,7.0682635
2714,6.0,6.100421437379622,5.757432317841612,6.487868852459016,6.3710642878573704,5.983934944991701,6.143996684303108,6.196694977579398,6.1134105
522,7.52,7.389655939246196,7.4247465549965375,7.465890410958902,7.4500030099791195,6.9326336217488524,7.384438015626841,7.098044421919625,7.1638007
2866,6.8,6.221897746256939,6.159354900641911,6.281702127659574,6.406997324633948,6.36348220309476,6.194787447587953,6.030328769493663,6.445333
4201,6.7,6.919065384671925,6.788342245372511,6.387868852459016,6.572624197787715,6.834833843333385,6.9350844320484,6.4679417735032185,6.7144547
22295,5.58,6.292218211929594,6.2576179355898764,6.940181818181821,6.506494444824748,6.330246727264917,6.329292912890987,6.51908882939925,6.2820783
33569,6.67,6.471289500867423,6.485977696423301,6.573589743589741,6.442661763931588,6.413186456982288,6.465585361677522,6.58087370189585,6.5523376
17739,8.09,7.209150023909056,7.433558639732986,6.118571428571427,6.287771046020121,6.839842934176093,7.206971933622626,7.474517170417231,6.885401
40005,7.31,7.2005768566923445,7.067231669883612,7.6088888888888935,7.46419867470688,7.390141334310987,7.143650145011159,7.040537788035348,7.275167
37302,7.03,6.096735322312784,5.947469318448752,6.1703448275862085,6.142658046548116,5.946040903217929,6.131294633924583,6.013101349114034,5.9904947
31549,5.69,5.526629226818484,5.583237708780959,6.068194444444446,6.097678283296483,6.264108047572115,5.447245903968001,6.162762661204068,6.0270047
49138,6.89,6.658865304898397,7.096918332323919,6.493243243243242,7.077899517314096,6.962912788915712,6.633819756184777,6.940433632292752,7.0607004
1144,7.2,6.842489898786364,7.327650776943238,7.478750000000002,7.315604279012001,7.348253461908344,6.822852728281632,7.022705101956415,7.147772
1000,7.68,7.3159148109159995,7.645600435690629,7.72108695652174,7.75812589881862,7.71730305621724,7.323536174518758,7.6063926261680255,7.560785
6418,6.7,6.681209495831786,6.51024139299328,6.05205882352941,6.469296420131708,6.8378073392499825,6.648954788530567,7.032237715681944,6.9165735
1165,6.55,6.163042755350675,6.055324154789484,6.487868852459016,6.460720132661123,6.281613498174988,6.188231290597884,6.339118686844879,6.4034657
28859,6.81,6.408112388662898,6.5336241298838065,6.783134328358208,6.871832385684723,6.742084737816097,6.366482024691553,6.256155088301471,6.6243205
1864,6.89,7.005466622008249,7.152001299247242,6.500666666666665,6.808206904890167,6.955519441962205,7.013644209007566,6.957983564683264,6.818539
41169,7.92,7.342957266045757,7.713970594582045,7.452307692307692,7.702401355605371,7.609434099328076,7.329160523164447,7.6514383627313025,7.629475
22847,6.12,6.966658418900585,6.393495918980568,6.5293220338983025,6.307185728492057,6.104890251581951,6.924014049805816,6.694304391273782,6.2105722
2546,6.77,7.113734250203204,7.026954057687702,6.395217391304345,6.493692446798992,6.960227427672209,7.063597757640424,7.24420580218123,7.0688915
881,5.94,6.356222642192667,5.9987687048768175,6.789374999999999,6.423859900202401,6.282909514938934,6.374996650447789,6.075288211167621,6.29135
38199,5.51,5.513822693433001,5.305687839965773,5.451290322580644,5.559849406106848,5.230360774429673,5.56035705767446,5.171480672365363,5.553201
18149,4.9,5.793685414163084,5.688989802132561,6.045806451612901,6.050025690560788,6.056143369879566,5.926507435875817,5.7893465286051295,5.758755
511,6.12,6.724649159194328,6.885829770605816,7.09803571428571,6.988282389031729,6.7064941548870065,6.75509292993203,6.750602276455867,6.918895
30705,4.45,4.761499589529439,5.251473605569375,5.308055555555556,5.41045332400018,4.905019387810278,4.878684500776537,5.619590666652144,5.0700197
416,7.95,8.211355122747719,8.201673510623,7.4733898305084745,7.544546243580154,8.114482245446501,8.14615455526856,7.94621572578815,7.912609
1991,5.97,6.154861526830219,6.1644991790839,6.96876923076923,6.674078537762317,6.461397748347545,6.187187488812738,6.354328103157455,6.560068
40873,6.54,6.679717729952194,7.067557587796207,7.536326530612245,7.266705395521852,7.03484211006368,6.671206242509474,6.600731589992013,6.96942
18677,6.8,6.594564002957152,6.560044960465746,6.795185185185185,7.06037630748389,6.919620050376598,6.614155181120222,6.550991867467809,6.957937
1012,6.34,5.817812717946813,5.756474650760755,5.755593220338983,5.73741111176724,5.911481822615698,5.871218275938875,6.076974217302842,5.7636
1564,7.14,6.70703712212616,6.807158378910388,7.329090909090909,7.0762895167248665,6.971944205548879,6.697399870474427,7.088544160621763,7.038349
22637,5.82,5.460897900523889,5.683103161214496,5.876250000000001,5.838240654676843,5.814978238839249,5.465205834316581,5.748331178367112,5.78136
16706,7.98,7.659093988511664,7.6882818784807325,7.625156250000001,7.536130606529264,7.853265794715047,7.596346226570988,7.668751202029481,7.5946736
40486,6.92,6.5220440355505644,7.305652261383499,6.951176470588236,7.12064656123819,6.88729130618448,6.52725771212318,6.838659145523444,6.8461385
22113,6.12,6.7797695962649644,6.611838966306298,6.23391304347826,6.173927049334174,6.285543928303674,6.764237509660387,6.56129985296557,6.2436757
2934,6.56,7.21314348753587,7.217019890745449,7.071481481481483,7.162758804963365,7.159228896353178,7.2064970637431855,7.050283839004997,7.376701
34422,4.8,5.2461226697617604,4.98305334553364,4.283488372093024,4.35376295187943,4.736973330013103,5.098976617009829,5.373642122693527,5.0438294
52973,7.31,7.138679914572423,7.047976264256353,7.335818181818184,7.293362137190128,7.13331108973547,7.176561148514233,7.013237020782359,7.218449
3199,7.37,6.891781984339648,6.804448511449732,6.437916666666666,6.6379027813187665,6.798090970359436,6.873346492806683,6.719894512179916,6.762436
1930,6.77,6.859020476059275,7.082582736037107,6.774366197183095,6.844358029412678,7.128569647190318,6.828813496931563,7.076308770031934,7.0522976
35926,7.17,7.216359702094193,6.797080312483582,6.743650793650795,6.750090710766891,6.8888801200066085,7.178676106800841,6.865712542332024,6.921952
21641,5.59,6.339066654272811,5.902849026921557,6.011612903225807,6.1674628939281675,6.020579189457874,6.31515296127316,6.442276225241887,5.914695
49026,7.48,6.748415149326608,6.812725662871026,7.630400000000002,7.761160665686544,7.495163442386279,6.708134487367335,6.86966810779831,7.443767
38688,6.11,6.2693413859933775,6.2958690028345625,6.526190476190475,6.568848175408784,6.441975602384718,6.2861555669239175,6.1915895255407944,6.542385
3784,8.3,6.942359022101569,7.643914584555284,8.209534883720933,8.081762504208546,8.046781432977332,6.9656376439702585,7.477144114673882,8.050329
7870,7.26,6.751417034964215,7.068053175115966,6.704285714285713,6.863883493961462,6.82881812979331,6.735278845621062,6.782535798066576,7.0355844
7683,5.44,6.273096310782406,6.174812069821613,5.823333333333336,5.813744782595179,6.198046995308714,6.275439092218349,6.367618789427915,6.0293803
38824,7.37,6.878067863805325,6.955568594330241,6.493243243243242,6.710424271117618,6.686336472682647,6.835457909959433,6.522168746241136,6.9664164
50410,7.82,7.923677630469311,7.927704443957922,8.209534883720933,8.197487756170197,8.77579047359198,7.912469901414431,7.792308773275481,8.670642
10622,6.75,6.414569587629287,7.131327282383104,7.32,7.049732608268702,6.788249087590175,6.409088181342453,6.737998267621501,6.862956
38526,5.81,4.440671087946866,5.605985842853739,5.584444444444445,5.725573134244792,5.397644448175318,4.420607988334101,5.653258665050314,5.6848626
2402,8.32,7.285057655076124,7.214821582090549,8.116200000000003,7.919827363592038,7.864798250809852,7.352573140933776,7.051112845387207,8.185913
5658,7.07,6.924453426373513,7.244244552931193,7.160338983050849,7.321332234668096,7.243166411615039,6.946757046838199,7.059719416610447,7.095277
33537,5.64,5.7876150383504426,5.3597089375188025,5.345090909090909,5.540420761692737,5.8889441491650585,5.77070740031578,5.4696352917371724,5.814581
35110,8.19,7.559452059349191,7.945965956512015,7.6404000000000005,7.476514180583704,7.946455446535878,7.545367354167412,7.989988410893078,7.8822913
7364,6.37,6.579866783929849,6.313716275616506,6.221428571428571,6.417832996303301,6.441387672784592,6.580388864515309,6.606015096990026,6.301512
2499,7.62,7.068106984593348,7.296543315315184,7.336530612244897,7.088859307674695,7.2860144428033875,7.0527383638446475,7.2262355740550195,7.3870807
25833,5.9,6.641772571185546,6.312610217600317,6.291643835616441,6.320002312540416,6.295826790462713,6.61845971651257,6.684572443571864,6.7100716
23013,6.11,5.943519847156978,6.07627665921365,6.03848484848485,5.924734947282121,6.091779753136802,5.90104607158473,6.259446638107743,6.0364594
11617,7.32,6.309475574108667,6.531361415476755,6.319534883720929,6.577923141706016,6.469617312074418,6.330365329521442,6.874707021598835,6.6215324
23149,5.58,5.725484976464039,6.051609931807196,5.451290322580644,5.335415573930085,5.866029126633983,5.640043112318949,6.585155918543255,5.4045334
22231,6.06,5.738998292680617,5.977516703995393,5.787704918032787,5.755055785987815,5.518817614953908,5.783126188856047,6.001062544700803,5.6126666
1543,7.08,7.1657787366507,6.983529253984772,7.341060606060607,7.2828356052521,7.062126413585416,7.11545287778235,7.0037777888146975,7.091452
19921,5.65,5.874698798952387,5.352147080144696,5.373095238095237,5.439321320005387,5.3042673912954825,5.932253854238884,5.966578859415492,5.413701
25437,6.47,6.414718266985038,6.904388982026947,6.313214285714287,6.497151834094076,6.433261291055988,6.4527645799715625,6.497168125860632,6.435366
40459,6.29,6.126340259211657,6.0906254219922245,5.961666666666666,5.961056782247237,6.184377556842837,6.138211725326271,6.018608423522544,6.1098866
59989,6.9,7.961777948695103,7.053429919103717,7.2961016949152535,7.493747948260508,7.333125038804172,7.880994482286576,6.968991859176508,7.5498834
15845,6.23,6.414869981007198,6.357700014125651,6.299863013698627,6.223076278052393,6.276979528219732,6.368542286451169,6.660282163369163,6.21583
35541,6.24,6.696261062155125,6.26272027806339,6.219285714285713,6.429552516741343,6.3688937083364285,6.699887067478796,6.498545839157728,6.39736
32221,5.58,4.822459513697424,5.5816130368485695,5.584444444444445,5.769997705192424,5.594806120141549,4.810391554104574,5.671351129579454,5.72133
38000,8.44,8.760303109562136,8.232661877583272,7.8244776119403,7.8827817785205925,9.19416292825582,8.719022190066255,8.356544455239394,8.257565
6566,6.88,6.661554417513301,6.722620563684375,6.118571428571427,6.3414481748725136,6.517301387864956,6.656317199383586,6.81393383485615,6.6330247
312,6.82,6.514050905196382,6.455203548417661,6.437916666666666,6.395056265793242,6.784888739119646,6.497702890512095,6.63219655575179,6.614322
30851,5.49,5.36285068835308,5.460485436799156,5.74857142857143,5.628586997867864,5.5028202117826766,5.420889047348862,5.314025856970869,5.636447
49432,6.46,6.11329206865045,6.450400281986035,6.869019607843139,6.726388580109052,6.454006937767963,6.11259996512975,6.547108890714094,6.6991305
13125,8.25,7.305453925703738,7.7710158542579935,7.341060606060607,7.290866400390327,7.458191853633358,7.304742261988103,7.456085744944326,7.484968
24781,7.25,7.062070057043802,7.337721274421305,7.771136363636365,7.544149983434546,7.690029640880283,7.05837814712967,7.081616750014029,7.7163606
11715,5.91,6.843630781788933,6.775339063451258,6.573589743589741,6.354225634226457,6.534832892532532,6.830795124932055,6.828068882189646,6.312078
4866,4.34,4.770055074205863,4.119470240797171,5.544285714285713,5.165322748126643,4.376253200404605,4.893220531822306,4.342965009670496,4.666668
34016,5.94,6.522819128587831,6.6657687763660265,5.473387096774193,6.1611140593809495,6.397648934528586,6.52194805781974,6.637282400338474,6.253411
15613,7.38,7.092553397638945,7.032920597084385,6.96876923076923,6.909001853088099,6.930693853535934,7.0907664782915,6.989761344888943,6.9134917
17307,5.3,5.763270204847884,5.225995089027867,5.373095238095237,5.694311700133796,5.686357200742132,5.787895023468049,5.523180097409338,5.550068
36104,6.19,5.240497536776822,5.535295334288622,5.318,5.372074447258522,5.59517285950362,5.246370627976479,5.465350777996601,5.8696947
2307,6.05,6.051356385483258,5.481140184359593,6.453636363636364,6.2451823785436655,5.7788801303078285,6.097868535018096,5.664935455168285,6.1307487
11701,7.25,6.417666599647435,6.664966726442856,7.0770454545454555,7.2016622610646674,7.025701872413947,6.40841177731612,6.677853430992131,6.948995
13939,7.08,7.0022137972076735,7.502523973162105,7.081176470588234,7.1425728654973915,7.041068327744948,6.968375059222235,7.164106360702101,7.1291094
9172,5.63,6.037867545054994,5.9242284883014165,5.817037037037038,5.937851704159066,5.868535433684793,6.013681099727901,6.036906250255457,5.866925
38089,6.81,6.670422014661453,6.314046006355845,6.989285714285715,6.427795778371869,6.58211630308365,6.698122492494531,6.363729426120271,6.8283434
37968,6.66,6.422473632326575,6.439687686118966,6.521666666666666,6.299815059718656,6.404622682025883,6.39788134824802,6.352414567402304,6.3176107
41194,6.59,6.46580661218864,7.011898908501514,6.785,6.358426965935424,6.4903525093043415,6.551597879534616,6.962448979658497,6.395146
41466,5.52,6.025212855266745,5.879962336096007,5.908906249999997,6.014231603822531,6.149953422328485,6.026212171997649,6.3602090960656295,6.083935
5551,4.67,5.256761817443804,4.820381631278905,4.853098591549297,4.900004292246128,4.908132280265357,5.28280711583067,4.87466083227975,4.87204
44410,6.83,6.514543047955786,6.571519297402687,6.35857142857143,6.415562337497902,6.382199762677751,6.5395850508048525,6.606687745396535,6.5054317
29101,6.89,6.365420591082155,7.188358055952043,6.8108571428571425,6.753103282652422,6.573866660851039,6.334922872656669,6.958334251756642,6.6873546
31442,6.85,7.362878334766016,6.943375328087071,6.639999999999999,6.762969693745139,6.887284874883843,7.363441858115177,6.678649732423885,6.8143053
29780,5.49,5.302754034027748,5.106316463591549,5.115833333333333,5.171640527160092,5.246641946295921,5.300434999669365,5.183228503836205,5.155417
34257,6.54,6.484608560480803,6.573650080996276,6.5174647887323935,6.372362323786246,6.517045010483517,6.526738484531612,6.5164375745347725,6.5158043
32682,6.41,6.189221478085297,5.923827687292298,6.077272727272727,6.270260690718242,6.086673197391317,6.229748439064232,6.222514008090673,6.0136547
55864,6.77,6.873067017069312,6.876928915271607,6.611587301587302,6.638950066920679,6.8453934170567265,6.901365160848545,6.9528332544523,6.787505
30896,6.93,6.457691772896474,6.673158950054026,6.5293220338983025,6.483362320803009,6.486258598149668,6.451496638494699,6.687240181589562,6.5744123
33087,6.44,6.842246189238214,6.5134028904266925,6.9805,6.968469448267009,6.69531672033735,6.874557924087124,6.779857063951093,6.8079977
36112,5.59,6.005341697784114,5.83571838328269,5.908906249999997,5.875130719970171,5.7921504848977134,6.023540692624906,6.0266277825479895,5.782135
14675,6.31,6.407098153410816,6.3250201107260215,6.487868852459016,6.580444416325947,6.361440929951908,6.418669797868865,6.394418365533737,6.5616984
2974,4.78,6.155892862331427,6.0729776383181635,6.106800000000002,5.662046588686764,5.696918524111444,6.198434994961208,6.076596602827384,5.579727
44070,8.5,7.052997931785603,7.752933644894969,8.102121212121212,7.221618199635038,7.416950814137845,7.009463792107694,8.111549164111945,7.496226
1830,7.54,6.884001886826798,7.129231575718459,6.8108571428571425,6.897419670743058,6.606430335977674,6.877530821360868,6.854093726235667,6.8031206
37736,5.73,6.354870331456448,6.4302826855103925,6.281702127659574,6.340170604922594,6.388507966300036,6.396709422716392,6.258676101541581,6.237704
6689,6.09,6.033175978134987,5.861913233919006,6.102972972972973,6.2090353571372745,6.048640538555279,6.054207132622456,5.975521330719463,6.1363635
21009,5.69,6.1202060534884986,6.017819504030364,6.244137931034484,6.3769616982821535,6.212925660792373,6.142724474287351,5.888703426307368,6.1418667
1143,6.51,6.577971280551468,6.65678223889133,6.884230769230769,6.729210719256627,6.71288004643624,6.51985505457422,6.6567618711810095,6.7426558
57109,5.78,5.415780485147691,5.525514621584492,5.461666666666668,5.524120832091667,5.493223432315611,5.440518692217504,5.546792084749963,5.524147
14991,7.12,6.583118006788033,7.049582653135131,7.130000000000001,6.932060184239182,6.882221721399122,6.538449705403447,6.932355563129136,7.0465345
7862,5.49,5.371834854319053,5.371876308335917,5.989999999999999,5.705364359676522,5.034790097148449,5.395913057257877,5.534666062048101,5.5008974
12995,5.85,6.169293493835654,6.29470102949279,6.102972972972973,6.245873930407439,6.066873453080182,6.138234067732187,6.374286566666164,6.0806937
2559,8.31,7.204182419914166,7.581831804337839,8.116200000000003,7.695562262018299,8.013723022197574,7.223451650908576,7.5653498637472385,7.940662
19099,6.64,6.220240037801518,6.331786633572231,6.6599999999999975,6.499693117176221,6.512061653605495,6.228655782037135,6.419996351872271,6.446454
39331,5.34,4.874271502502207,5.300688324276892,5.318,5.249895037666306,5.59745913428475,4.870852178056609,5.06526145596191,5.2521477
10138,6.4,5.597736717028354,6.047653520510403,6.068194444444446,6.069051678780739,6.250776551339987,5.592447307002065,6.004381899483004,6.081929
38410,7.53,6.9364251985854395,7.206829962473186,7.281052631578947,7.46983021069399,7.1896910414990165,6.967289567145311,6.8228571023352655,7.14347
5310,7.78,7.467927160431727,7.513948122327134,6.933157894736843,7.298191719825021,7.097361813411079,7.385230543762066,7.591597242016385,7.199665
41511,6.97,6.705666935401673,6.927183179125944,6.461250000000001,6.823230099895398,6.678197115273375,6.723242786318403,6.7531361625422806,6.9913287
42139,6.33,6.211034536582311,6.232927376432676,6.00551724137931,6.138189107878848,6.18042940656851,6.23301509595095,6.18979723488931,6.075111
4069,6.65,6.0317951739983755,5.934415440297451,6.115999999999999,6.3547326482211925,6.374918509186741,6.047696793780454,6.000436924981699,5.9659104
32836,7.61,7.127612501157039,7.6815176006564405,7.452307692307692,7.705928659761961,7.81990464168646,7.115877990515487,7.56509201923231,7.562044
33419,6.58,6.926848526930281,6.61501848192889,6.639999999999999,6.775983443131756,6.835058628491249,6.91236981034945,6.6241305306589755,6.817405
42490,4.99,6.138426573326355,5.89518397953846,5.978461538461539,6.012619822764358,5.858845350083405,6.142339154697383,6.0585007787697345,5.7880764
34129,5.99,6.424409907338875,6.593026328563977,6.219285714285713,6.319691368446493,6.1886621748877095,6.461958501458135,6.6035372908442245,6.18112
49709,8.09,7.553281703611271,8.127094987910375,8.040967741935486,8.021633849062853,7.952777315016732,7.575155134402998,7.8971477413024225,7.9975724
38390,6.76,6.453726992667656,5.983554768057377,6.521666666666666,6.3089004032061515,6.400344460229205,6.4775773225819275,6.331997809548669,6.3772774
51721,6.41,6.4900251638264805,6.145743744256397,6.426578947368423,6.481550213748418,6.045955439417101,6.521098135394692,6.185940153122939,6.046762
53783,5.95,5.730056526393657,5.7345760458808135,5.68338028169014,5.684220180175304,5.854340305928876,5.763692500405534,5.748254895161827,5.865911
38506,5.16,4.962884922984399,5.146868201681908,4.708857142857143,4.807244452575723,5.022447606245107,4.936265911123289,4.878350087803531,4.6979527
1196,7.16,7.063057760143329,6.865965297244706,6.5174647887323935,6.624623976950762,6.49011179790394,7.031585132768368,6.854125597065485,6.7857885
32881,6.93,6.395098172344546,6.544568641820375,6.410833333333335,6.463361899936926,6.794231485662532,6.381693254005112,6.693243723762775,6.5519204
383,7.01,6.649489132059466,6.916852372611996,6.3374999999999995,6.524283836049539,6.685782001649866,6.656603157068136,6.9173589523319485,6.5735283
28237,5.42,5.587824405791332,5.657893215884179,5.817037037037038,5.923234458330439,5.626606046163621,5.5848234769635,5.428332776469138,5.6517506
1758,6.54,6.307081786496433,6.023169966367292,5.743043478260868,5.916741661379866,6.305433455908194,6.288142397033316,6.304203538450162,6.30777
36032,6.26,7.103356015468375,6.7335515365314835,6.487868852459016,6.470692016245976,6.788631834014043,7.067217416316691,7.142863409694614,6.82283
2503,6.33,6.752392883164921,6.633054205794992,6.5072222222222225,6.431176055844596,6.657855058251038,6.7447687704269415,6.756062469828104,6.594335
3568,7.18,7.06767882510683,7.073890466251907,6.437916666666666,6.496680563762352,6.9403378161523746,7.0710707113317515,7.1668467772965485,6.7829933
1912,5.8,6.6033908989411545,6.245352967005833,6.395217391304345,6.4639126253482395,6.4669047360108625,6.610444056787275,6.030404747210087,6.396979
40513,7.34,7.4316236000503055,7.177459648680153,6.869019607843139,6.853909894566744,7.24052974528171,7.393045574999734,7.46211699920298,7.1689243
23303,5.9,6.045485017715751,5.984357847126249,6.061363636363637,5.8708287840302775,5.974653122089448,6.0155991364827965,6.027998653480991,6.1033688
13333,7.28,7.134971389559321,7.365901904107809,7.057777777777776,7.0762478353454155,7.138720259860786,7.106660321774485,7.122016627626182,7.223047
36747,5.1,5.151327968825261,5.542437030038675,5.863571428571428,5.4821900059454975,5.3989286971854975,5.15802776690552,5.556671998310443,5.4925003
1765,4.65,6.270069078113305,5.734908563312148,5.219629629629629,5.592178951828797,5.6225832846665105,6.248584956831673,6.2334200875440775,5.323096
7816,6.22,6.70272158644775,6.398196831757614,6.145294117647059,6.156828179445399,6.178314120401354,6.681458400357644,6.281521916419309,6.1032643
2792,3.31,6.141664293951917,5.497961952002619,5.473387096774193,5.599464835913686,5.61969187067425,6.150122979734139,6.026907796223835,5.5446477
36515,5.99,6.306045333419909,5.843028693351653,6.387868852459016,6.248081298785216,6.082130789745828,6.3456274281500935,5.842314476078754,6.1040792
605,6.78,6.9189954676749545,6.818182761447081,6.395217391304345,6.707391571263322,6.744438676350057,6.883374448063216,6.69788761930048,6.688314
14811,7.29,7.09795300238433,7.058479703888345,7.071481481481483,6.998765896200767,7.029313902940927,7.088883410182754,7.064839532577196,7.1028056
10261,5.8,6.177776770534844,5.923823698369849,5.823333333333336,6.02735976951677,5.810543424159696,6.205556804020924,6.1111827907549765,5.879674
48842,6.39,7.066522225802389,6.818737554367262,6.86338028169014,6.751800407986168,6.919179476137371,7.0889964240486165,6.823020701022639,6.932217
33702,6.1,6.083223416941249,5.850799410155762,5.934166666666667,6.450615940453094,6.124777671935349,6.1152353942118385,5.886045958407266,6.113308
39803,6.2,6.164366593125019,5.816005713249432,5.544285714285713,5.854289932576067,5.948953676220747,6.189539116992,6.061036624407853,5.8401403
53257,5.77,6.3438062944239775,6.106823786063622,6.512575757575756,6.367661502836687,5.837786376594509,6.370373848802692,6.179395528290529,5.9345465
38472,7.37,6.773002878801602,7.0509546425292955,6.63,6.504197605214573,6.632285852022984,6.761549095475849,6.967324787453798,6.5306687
33618,5.44,5.714979469185224,5.465053187071475,5.961666666666666,5.887054264329383,5.716331939733701,5.7604995198632185,5.608973981845568,5.5068803
49780,5.72,6.086490968816513,6.0986127167348485,5.8146875,5.923887639707301,6.138548651622559,6.100971936294616,6.317125626101689,6.2212253
32015,7.16,6.784388777827535,7.9744842562394025,7.081176470588234,7.211809292507244,7.326918041551643,6.763431999059762,7.314523356695846,7.292463
37618,7.33,7.226161284473459,7.435953962529931,7.6088888888888935,7.412283062836563,7.588651827101228,7.227603155204207,7.219345878267183,7.58622
17237,5.78,5.855506408484139,5.943183130010868,5.978461538461539,5.901975245403303,5.956116832184699,5.84964531397789,5.841103834617076,5.9640417
45557,6.37,6.101616602641695,6.0974777993602265,5.587222222222223,6.271802814982903,6.374326265785126,6.144065626267189,6.108477378601764,6.306921
925,6.42,6.5325562530172725,6.6264367066383825,7.4221428571428545,7.020402093612902,6.67765624752111,6.559471397518838,6.628777979291554,6.783251
41916,7.08,6.944561310738663,6.995234040692181,6.818947368421055,6.977301752552048,7.246120534654141,6.974923326513701,7.204959717907945,7.130017
1521,7.32,7.6066785831892005,7.219965249396686,7.478750000000002,7.292617537801754,7.778129868116763,7.601859414323133,7.223415228023294,7.553577
56690,6.55,6.867789947802158,6.320238339739983,6.281896551724137,6.089034451916218,6.091200161898137,6.8340618584015385,6.711347388543321,5.832843
7972,7.31,6.731826297458562,6.579393556939878,6.922826086956522,6.745715116705919,7.32573020122776,6.679149070217755,6.831093952699104,7.170306
36281,4.71,5.034918374624888,5.305108345726004,5.115135135135136,5.200840027477892,4.719129321482861,5.037026861924695,5.198474475223396,4.729905
3620,6.76,6.4897544905752245,6.102369697343388,5.934166666666667,6.077372315248446,6.310443546312526,6.502914155882501,6.70738239304937,6.2945333
53127,8.19,7.287557208101923,7.744866736106796,8.184285714285712,7.990790160872845,7.944047107605062,7.300979222628117,7.2028131162232025,8.088354
2455,5.4,5.1379256121936745,5.327642108794252,5.813333333333334,5.730798200496999,5.511353732087499,5.356328520782387,5.560711087197138,5.5127983
28677,7.53,7.398263919123273,7.312597852437809,6.975789473684212,7.437675057237413,7.4934552840027395,7.376813404131433,7.457334609614147,7.4115963
13599,7.31,7.259407853263694,7.392124332030108,7.160338983050849,7.152022504055144,7.097298781557039,7.253477776223502,7.096804465248159,7.2837234
27907,6.5,6.485679276978356,6.325624816843341,6.045806451612901,6.015397623221653,6.354849075528237,6.472535458695654,6.348316668361697,6.171787
9786,7.24,6.5319028561543835,6.317246025552422,5.743043478260868,6.063057291096895,6.462865465686303,6.5446609379203435,6.528381130130475,6.560042
2373,5.54,5.932435388803981,5.670291648338049,5.741269841269844,5.61439360755983,5.765146959823894,5.9280432637764715,5.980769802672667,5.8079786
1001,6.57,6.624953153646479,6.4660348391635365,6.369400000000001,6.391060197739057,6.50184539983854,6.595087419489081,6.682380997304216,6.3577204
33258,5.62,5.724081453727756,5.556465668048021,4.894347826086958,5.440530586576906,5.707529185885237,5.7143822972341995,6.429918456597111,5.5579505
57937,6.09,6.721249279652474,6.603398140986537,6.630303030303029,6.582587973791243,6.463536380746444,6.686204677768299,6.685725733272125,6.666409
4823,5.95,6.182791609234522,6.393419275241307,6.5072222222222225,6.567330253980651,6.345430004742246,6.213446014597901,6.422470403754783,6.585107
28103,5.52,6.149139019023096,6.002565316599956,5.86735294117647,5.678454202258895,5.664135557228905,6.084362501439985,5.66249297549825,5.736842
15979,6.02,6.488156070427603,6.231650733945189,5.961666666666666,6.018489567737464,6.027736538644789,6.466052327529712,6.3455734342821835,6.0263944
32151,6.95,6.638604067140111,7.203723501444495,6.613448275862068,6.501478649283471,6.8112269449465375,6.60658943481775,7.078190195765001,6.938353
28223,8.14,7.721807342531646,8.329949890450091,7.811578947368421,7.807911252164445,8.22151577127628,7.697001262816183,8.141714941800291,8.119829
31117,6.8,6.454301262039161,6.3676487010294895,6.102972972972973,6.325847129386048,6.5726736484119055,6.42431096220918,6.59440314382158,6.345183
31578,4.62,5.07470936754099,4.309305938865754,5.74857142857143,5.747294860631106,5.116496784394987,5.23057755081006,4.992560684905936,5.566141
192,7.17,7.06027733072661,7.325111613259772,7.488947368421052,7.344223579857211,7.515315677504319,7.052355780592848,7.4111973195998395,7.425884
23367,6.26,6.291417874616173,6.130859111141024,5.934166666666667,5.994552358955653,5.867485386552567,6.341572828311401,6.378369756495968,5.875209
10812,4.82,4.785107318771399,5.191336587989028,6.074827586206896,5.63428312449433,5.417116277532045,4.8554042633565855,5.232320300896513,5.094907
32094,7.03,7.1088607751755015,6.826433952242063,6.869019607843139,7.077726799075262,7.062103697769495,7.103872895968301,6.911200036285491,7.1109557
35756,7.36,7.129603266687455,7.216745215362105,7.5365957446808505,7.287672146979774,7.259084470544498,7.132721686200688,7.139676716982311,7.3231597
5228,7.4,6.999370863608256,7.641505732380019,7.488947368421052,7.34770372041257,7.7574805897482975,7.038699183521056,7.520645389359824,7.4422874
3287,1.88,5.570851206355145,6.114263479040173,5.473387096774193,5.4611465958434735,4.687250582804298,5.68663045868868,6.310357483900063,5.0188265
44570,6.69,6.061350762119677,5.735986473362826,6.159999999999998,6.191451429587193,6.33794984549925,6.071499157099819,5.881412068513682,6.178153
37546,5.58,5.51011245772986,5.540354169959464,5.86735294117647,5.554565747308549,5.364358838298119,5.522424951153301,5.547131471381405,5.4457717
1255,7.21,6.970838334896836,7.128058244215916,6.889545454545457,6.9322953140528325,6.790217265653205,6.966086178039802,7.01806771490096,6.867751
10979,5.26,5.794101841916271,5.508956080114959,5.349375000000001,5.425981260871132,5.606116598749886,5.79716538895592,5.767195018635301,5.5685163
1825,7.35,7.2945404903458195,7.139182866406854,7.231379310344829,7.374024397386506,7.304140235900647,7.284291953379556,7.361809705963747,7.3493867
5114,9.1,8.430317303902605,8.396631442418926,8.166470588235295,8.076679744265062,8.227665238860533,8.39423647964998,8.517326898238574,8.244474
23343,5.96,5.78464109272918,6.023314787466312,5.817037037037038,5.881983804882317,6.040470522679061,5.749022756971502,5.9543063283409605,5.9661
20603,5.84,5.165398677275939,5.66859829008511,5.4359649122807,5.316434904787597,5.128915639506832,5.194744486719433,5.2058749365878345,5.109914
21291,5.99,5.4430122411490816,5.790020052853981,6.212666666666666,5.942677073806183,5.914829989684812,5.467967044476602,5.8833996919597045,5.982964
13659,6.89,7.388329477807654,7.178883608661994,7.09803571428571,7.027370733610569,7.168633054834547,7.35604119309209,7.046485777639499,7.117105
7775,6.6,6.561633468231075,6.511214460496864,7.110882352941174,6.749998829258854,6.235185310989777,6.60335658706676,6.681806067769376,6.4344926
13715,3.68,6.1112183287393,6.16807741919549,5.4595312499999995,5.489479135114051,5.405640899511555,6.089427885963668,6.560222319784924,5.0163474
14227,7.46,7.536988915574663,7.266068248546414,7.540555555555558,7.70697409033452,7.47659767748438,7.5140992361039505,7.382077009635494,7.7035403
2340,5.56,6.032521812184097,6.0405146409686585,5.758235294117648,5.801672629244827,5.988888421258091,6.082711412911223,5.934913836222827,5.997278
40747,5.41,6.952168201370597,7.205754964952275,6.280909090909089,6.519455115089127,6.798410408646637,6.870273169884295,6.746113406257145,6.6413383
38017,4.68,6.228710776791127,5.166461557578723,6.23590909090909,5.984061958096251,5.748850209020614,6.2287740052109895,5.961301643396149,5.6850247
35676,5.85,6.253005943760927,6.119227532638839,6.785,6.068026216481946,5.722788024385094,6.268943776570801,6.030736827659534,5.8368244
36369,8.07,7.176499352704334,7.931567925981683,8.102121212121212,7.726253549797279,8.057770410536744,7.175289115588928,7.950081759194628,8.051407
51636,5.49,3.942761765604128,4.841649525512123,5.695116279069766,5.798326234610988,3.9932461584195855,4.163857376408465,5.1324723857509245,5.64345
29907,4.03,5.1222800344679715,4.950101353262623,5.499999999999999,5.209487044951122,5.2380910677262325,5.135047085425647,5.329790024666114,5.188777
2409,7.4,7.089797216560486,7.287536835446903,7.160338983050849,7.25428404899577,7.235319174905178,7.107596352924601,7.1872262539192215,7.1609874
39990,5.84,6.131521355569278,6.006758363543666,6.159999999999998,6.257655482511306,6.258049225119501,6.137037757886714,5.955596393049525,6.2329803
41062,5.91,5.967558291752374,6.145509358782695,5.759,6.025207583502129,5.881827346451772,5.968423497419709,6.158240378060461,5.8950043
14047,6.4,6.826077335183578,6.560869186483945,6.8927272727272735,6.814507015280157,6.744461671195587,6.7959222361127845,6.712586077221001,6.8768005
17165,5.49,5.807682608472665,5.729195740714205,5.535384615384616,5.686507999574886,5.663933147188003,5.800486733372278,5.782969691935257,5.6885037
11101,6.17,6.496381288555229,5.9596881807936635,6.061363636363637,5.830271224553661,6.091206911695367,6.482266072543757,6.32298163834793,6.0455246
46381,6.5,6.532703483172186,6.608390726171901,6.632432432432431,6.724819099790265,6.354772591568725,6.538598322347221,6.646531315339628,6.6009
316,6.18,6.174673792081791,6.701877055722346,5.865405405405406,6.137416948342898,6.138120325360747,6.1186774045482,6.172481134993066,6.1507535
4646,6.83,6.248889478133374,6.315964748073836,6.453636363636364,6.386821305377261,6.342214424068399,6.309915561222703,6.636773509263061,6.3467226
3454,5.52,5.903624504023634,5.517147915150925,5.758235294117648,5.824050699175383,5.8510589861953655,5.923390804528635,5.663311495618871,5.79093
11237,7.76,7.284619815971733,7.791296601085784,7.0590625000000005,6.782285822923168,7.530698648380476,7.301015384598902,7.604097457446325,7.449761
6205,6.35,6.520830456362586,6.5845690073876355,6.289361702127661,6.560904293748658,6.241921880754783,6.569647218842342,6.395452760887997,6.4400454
34601,5.27,5.245279348302541,5.700342981064181,5.533636363636364,5.410229522733167,5.721131505817674,5.246892591373301,5.600253697162004,5.552746
26057,6.95,6.455248828099926,6.924113580494658,6.886842105263158,7.061574752786696,6.806138348288448,6.450556930840484,6.70182820750062,6.872399
47391,6.3,6.266563698367338,6.227473038608377,6.677142857142856,6.384969051168447,6.21117841839284,6.272148286543339,6.143581445610924,6.28003
34754,6.67,7.124428004457609,6.999135443259425,7.295593220338982,7.305798629317719,7.1430041994555795,7.109348481426503,6.946221133590366,7.2773457
37223,6.49,6.401653146944453,6.062926491225455,6.299863013698627,6.306289699562847,6.2247549044726584,6.373387569024846,6.464628807266383,6.4888926
33064,7.63,7.303838374503309,7.8708667206039555,7.6088888888888935,7.520875875912961,7.938659118973322,7.281927650403522,7.568636402974628,8.105847
51092,6.03,6.0754237201649985,5.881654364202514,6.068194444444446,5.9322298298405425,5.910388960734898,6.045378131564416,6.344527370096382,6.089554
5525,7.18,7.073386871923579,6.746317075979199,6.862666666666666,7.0080503705296975,7.059481054072187,7.0496333512525995,6.9660653321679415,7.0328937
38603,5.9,6.191486293571406,5.810102488044859,5.908906249999997,6.025862620537859,6.01219365377606,6.171247422882367,5.592605219984756,5.959378
50306,6.87,7.483997128401317,7.137968662150611,7.844374999999999,7.9715330121314185,7.343728825535196,7.438166075444666,7.258025079854863,7.4651475
50586,7.71,7.059736393255048,7.092181476684242,6.8336585365853635,6.888626588582543,6.960960640591686,7.071956308210461,7.2087241986318125,7.165205
37007,7.53,7.1728933274364035,7.262428226300023,7.099545454545453,7.252342742317481,7.1940019156518575,7.146333224564689,7.334486659460628,7.478333
43712,6.23,5.7678567180911875,5.574391774974141,5.345090909090909,5.463932178580843,5.794068436223079,5.786594287737792,5.589853106150275,5.628927
1789,6.32,6.3344481788456894,6.318933248431257,6.369400000000001,6.443279107061951,6.5135361043545945,6.3551085239242155,6.235697423472526,6.387576
49292,5.6,5.794308194746037,5.876017878654297,5.451290322580644,5.69873237995648,5.7280331916135,5.813686098966646,5.815977201040482,5.6305895
57034,7.13,6.66841523860493,6.974224186560019,6.8108571428571425,7.037070511335892,7.045105739286719,6.66100707910578,6.802387651799699,6.8018312
38837,6.44,6.013933104670548,5.773742290130158,5.884225352112676,5.916140490781185,5.999568097261804,6.01802853564238,6.244935229186276,5.8682294
8304,6.31,6.267593927818264,6.0905669796059305,6.387868852459016,6.171737075749964,6.179536303487485,6.294939376421746,6.204144361364356,6.2146606
8111,6.22,6.297696281788683,6.3299464001064365,6.501060606060605,6.4399864724801885,6.427898271706183,6.252547290540523,6.403521780455598,6.402875
37642,6.03,6.624479778012314,6.523211933473224,5.535384615384616,5.906116850623457,6.137797517446518,6.540372613416007,6.555840429581533,6.149548
24985,5.96,5.822572239012786,5.529252041221163,5.876250000000001,5.7988254247460125,5.989346559958541,5.838595489081423,5.78509143372319,5.9285984
31201,7.45,7.474594500419329,7.322681595765545,7.110882352941174,6.9526975600444105,7.585891246341552,7.482331480031204,7.451338564746436,7.546331
1796,7.07,7.232280165181136,7.115091412347045,7.267358490566037,7.2493756078114036,7.144475736642016,7.222872634939305,7.239417652890081,7.3609366
7805,6.61,6.624609525248263,6.491767865127742,6.975076923076921,6.905918746923001,6.858021377947262,6.600089971221898,6.530630217450521,6.6769595
7374,5.22,5.60346129525698,5.375830839092149,5.373095238095237,5.709139595193339,5.70537252104312,5.62951693169838,5.315783883198379,5.6526766
6008,6.8,6.896285034514088,6.83651253913099,6.756874999999998,6.796454955993772,6.886353647550612,6.887754898819358,6.816770596980706,6.937118
2705,6.86,7.3099458739407135,6.650501886370398,6.765652173913041,6.802878752236576,6.959565473873705,7.2569246636026,6.9159274119688146,6.9950356
22759,6.8,6.464845457544353,6.90686037450785,6.975076923076921,7.023197691482045,7.147010779346578,6.461929495716979,6.617048485980126,6.9255195
40137,5.53,5.79088262498605,5.806285357263748,5.695116279069766,5.8811130010895125,5.555093086745365,5.804312372567671,5.632565178022023,5.659282
12455,6.48,6.413617016445514,6.760177472937484,6.922826086956522,6.806818870397828,7.024583431503535,6.404304837148798,6.484666211507224,6.6850142
39979,5.31,6.4707088185428665,6.488676664475193,5.823333333333336,6.077169957093538,6.186192902821219,6.489284545983489,6.475218831044618,5.953168
31181,8.45,7.771784319307063,8.62909742197003,8.116200000000003,8.142148729718159,8.464699452447993,7.723682047015904,8.525785293860677,8.428703
67,7.53,7.762876803966227,7.884375735450864,7.071481481481483,7.04254008229863,7.3344381297721055,7.710719718727894,7.797657763435128,7.1392136
34204,6.8,7.26772788474518,7.434624167576514,7.281052631578947,7.097926117663048,7.278697666366685,7.247648728222576,7.053333198828985,7.295881
38789,5.66,6.13654317979006,6.267083158773872,6.479999999999999,6.6367715344998945,6.2777461488531925,6.185979823272257,6.110780442119843,6.3828564
5993,6.33,6.184699382802812,6.200752187519974,6.278846153846152,6.300604524386269,6.436076958450203,6.154238207374647,6.2922724415871265,6.2674785
33314,6.62,6.726557493402916,6.810223675832113,6.542162162162163,6.71526405959629,6.84723861776865,6.7100807699008875,6.895714688116515,6.7396865
48680,4.67,5.039588362435599,5.412414279188735,6.03848484848485,5.740003632021265,5.366701800005125,5.2536159303074665,5.6636930190038495,5.176306
56981,6.88,7.056263002085787,6.995599022109212,7.061666666666666,6.829148021100887,6.796451671988725,7.068519836409229,7.040676218817664,6.781474
22485,5.89,5.558592892081242,5.735750700212681,5.787704918032787,5.801180815398933,5.7857673162787515,5.55608679593141,5.834573696909602,5.8123436
53213,6.66,7.182767862740631,6.869409359452218,6.319534883720929,6.470863010429108,6.599346183189766,7.138374604047351,7.129446432310182,6.716463
41211,5.68,6.2566223726753565,5.902790334428934,5.544285714285713,6.042437755682543,6.095381713978566,6.2674872033009335,6.107995198909693,5.9324646
555,6.27,6.194599106785594,6.297661169938763,6.3374999999999995,6.286732387939536,6.078657882031074,6.151314148666002,5.9590158871825984,6.0548396
37626,4.72,4.902663284982292,5.25617369634098,5.341923076923075,5.235218753697723,5.095967944104745,4.936165578237337,5.0116425901917765,5.095445
277,7.12,7.467395694554021,7.3264967654395505,7.341060606060607,7.308295721460741,7.467503199454715,7.387171132245707,7.280721033944227,7.278853
6492,6.37,6.462016610792371,6.336037768118444,6.106800000000002,5.805138615159275,6.273473371745906,6.459999266015545,6.600346314285128,6.2732177
503,5.3,6.4457078187677945,5.9210755395095145,6.1331914893617006,6.023809925770032,6.012642116930082,6.448123225285036,6.3653209425197925,5.9662623
24073,5.68,5.75508512582905,5.483922717187648,5.088125000000001,5.706549443143966,5.834168527297391,5.763368790009529,5.797567267922968,5.6136637
14993,6.75,6.285147357877601,6.355194810871336,6.512575757575756,6.532729955056274,6.501551568965298,6.313887442022573,6.303316637645836,6.5190706
28387,7.15,6.875783736284406,7.08904242581026,7.349374999999999,7.264429970238581,7.1058942098703035,6.889144526683353,7.049467773490626,7.2185082
10528,6.16,6.082492549942317,6.012718245521876,6.013333333333334,6.006588523450647,5.944587420284055,6.116281200433773,5.968303046363323,5.9471464
8291,7.11,6.814248529797874,7.2032868746539505,7.138636363636363,7.0463122630754915,7.104318590577719,6.802905515600438,6.9313477762015365,7.1127057
6736,6.58,6.770135097489821,6.347742719049662,6.777599999999999,6.661342339606587,6.746460337582121,6.7644591100290175,6.685712561473198,6.7402124
1030,7.29,7.744648092611207,7.669150878249044,7.267358490566037,7.1698921837764455,7.098861448859926,7.696695952119178,7.760345699636131,7.2117033
2972,4.58,6.290366792189031,5.95224774372775,5.473387096774193,5.9815186452187845,6.1513985410505905,6.317761687284922,6.353251582771825,5.9281287
14645,7.15,6.928247569207711,6.902795783725736,7.09803571428571,7.161445484028835,6.92606690980913,6.952594097124799,6.914539756541034,7.0096416
580,6.77,6.4468698786783545,6.431893964656534,5.610263157894737,5.703082577543148,5.818716115842603,6.403780176623329,6.544717691004582,5.7887344
3039,5.84,5.823819837004204,5.651691757850275,5.741269841269844,5.775610144096811,5.747313502112782,5.8405460090182215,5.7467942715100655,5.705398
40320,5.02,6.225213114176211,6.3906936887262225,5.884225352112676,5.834440332686355,5.901169313263242,6.235159285996753,5.783733900791827,5.8207893
52159,6.65,7.154030699932097,7.269681919664952,6.705128205128206,6.687781501198076,7.219345350090989,7.14196591325324,7.199067158005025,7.0560603
29978,3.35,5.7237383611887696,5.33471803167258,5.535882352941178,5.578863215064431,5.173826689697631,5.737651005368532,5.49463751660144,5.1884627
38629,6.91,7.287379787351925,7.189024733649721,7.110882352941174,6.848750280269167,6.930478676234084,7.268873338678726,7.218136972423062,7.1928315
2522,5.77,6.274187032403321,5.926537978363549,5.473387096774193,5.7377300335940395,6.210422288830852,6.31567648326133,6.254484803130063,5.8961377
51520,6.3,6.470784415771597,6.601275364268826,6.537142857142858,6.18477412355465,6.475826270022891,6.480312118406755,6.396002522712145,6.35013
6978,5.65,6.097401803111489,5.433288044656129,5.9434693877551,5.926423489366684,5.492659778043715,6.15949751852185,5.770642049892844,5.414481
41454,5.55,6.048603176827765,5.963132202836796,6.0194117647058825,6.338230431523445,5.974455100955563,6.076011534555737,6.296809746829883,6.0655193
2544,7.32,7.303777613969258,7.151107812662692,6.718611111111112,6.900309849987748,7.490875336763038,7.2974106580315565,7.320452790295876,7.274511
37492,7.26,6.78038455150608,7.071463337714953,7.465890410958902,7.388253629069404,6.931777238361869,6.746501991187296,7.020007521716772,7.273837
7762,7.56,7.386744172602761,7.669140946365178,7.6088888888888935,7.202326398921043,7.442144695398193,7.347318373241755,7.375576756800587,7.352804
10101,5.73,6.238496051306973,6.086028754659904,6.299863013698627,6.250134650499477,6.211455849167651,6.243134081155171,6.34795308985044,6.254706
2906,5.91,5.958256441732113,5.227555170317413,5.373095238095237,5.424132938896912,5.194127314059082,5.940897578055356,5.776754529502057,5.1878753
4361,6.46,5.965943916240242,6.459737322779677,6.922826086956522,6.815558857264487,6.013799406882059,6.047781790452458,6.482666721485133,6.356539
41008,6.5,6.704026190045003,6.535041942128853,6.493243243243242,6.8101564021162435,6.816345797848417,6.6737268174202375,6.771333081558821,6.828154
7045,7.38,7.384319513129513,7.355232679998055,7.110882352941174,6.950749581682854,7.341739907194001,7.354283551056563,7.454032266640288,7.266504
1504,6.85,6.211597836490658,6.9717864450633025,6.777599999999999,6.3889317071473375,6.2472958327089,6.185000367981415,6.4632242638491135,6.225784
470,6.3,6.8965600391674196,6.886442266777182,6.795185185185185,6.88220068496125,6.903570271207634,6.910126635627067,6.875893600790752,6.8654985
1170,7.32,6.749200896278187,7.290550208585813,7.536326530612245,7.315034009191622,7.2383883708186065,6.735224005652035,6.918540214130347,7.2757277
52221,6.34,6.713274458977892,6.723305367034109,6.611587301587302,6.678382192691863,6.631671335652229,6.767734428167775,6.549492321193595,6.524017
34877,6.02,6.672930324134057,6.296729667068714,6.3175,5.9629951871093425,6.197346441240917,6.663964264138819,6.1441240735441145,6.158108
23363,6.44,6.65159437330248,6.475317767836578,6.369400000000001,6.504756431499497,6.481146945532974,6.682523093300257,6.626622765145922,6.5146604
34757,5.94,6.0464457056670184,5.722234049612911,5.961666666666666,5.894483512235347,5.801104484585209,6.07807873424297,6.0353365197380135,5.832248
36544,6.28,6.683459627024578,6.808004438465141,6.461250000000001,7.229730303333875,7.14375363718674,6.718930788705865,6.859864591220952,7.1726747
19305,5.63,5.606905587354642,5.704855894006165,5.978461538461539,5.790435100474249,5.631889746273051,5.627025407132669,5.753351601828202,5.7482615
32023,6.25,5.957616475619393,5.7223576717321505,6.068194444444446,6.034162574656943,5.955547009080132,5.952979707424688,6.084341303873607,6.1426983
5342,6.88,7.044030343771151,6.818090005148865,6.828596491228068,6.86104797133051,6.9353930064772005,7.007072440787736,6.801906829599196,6.862521
47,8.16,7.051965253553475,7.377015612402331,7.894999999999999,7.610115317527979,7.833726021617299,6.997742235405882,6.6934979136787796,7.539836
34136,7.46,7.157791603185331,7.460258587977085,7.465890410958902,7.430149043043071,7.255148101777359,7.146814354034662,7.212804862554762,6.989543
58783,6.87,6.6959327658092125,6.854355006331692,6.8108571428571425,6.680827997222951,6.5711928763711684,6.6552769160896466,6.849205300277728,6.802429
50110,5.82,5.194157245822355,4.864856683597619,5.345090909090909,5.162622452793111,4.880430690593281,5.170559591464618,5.050360580474665,4.7978
5096,7.53,7.43775537725578,7.415985682890494,7.110882352941174,6.956052223251271,7.732097863585964,7.4164710283378215,7.538398021210344,7.659553
9751,7.57,6.750481402369791,7.008487247536188,6.886842105263158,7.172939024567044,6.7499012438009105,6.753612566363469,6.532825961425331,7.141858
41075,5.65,6.13810630715394,6.071440496484456,5.610263157894737,5.74137931819722,5.859430847927222,6.1721049047768135,5.965681328839388,5.903819
32809,6.02,4.594342028986924,5.598488812524609,5.891777777777777,5.809115749283426,5.628208553851788,4.60114677769993,5.5200324454563745,5.67308
15315,7.41,7.083192133378467,6.9937125401064995,7.349374999999999,7.297182525784778,7.303690095560651,7.066535504099536,7.145604940336973,7.1273046
28615,6.01,5.204591742108569,5.757995247476041,5.891777777777777,5.854632494552902,5.635114485843102,5.176731324926854,5.868691668422987,5.731113
4645,5.28,5.83404727652741,5.624041903825226,5.516666666666667,5.467167866054805,5.6013615353082225,5.855550197261654,5.792692287371115,5.457931
40280,6.53,6.6943544481784505,6.889471651302659,6.975076923076921,7.037307240744784,7.050351506110051,6.677769517507497,6.818761150251806,6.9483757
37311,5.87,6.222108743488108,5.963694552794409,5.9434693877551,5.982702846100897,5.924751783974257,6.238943970032639,6.1346380917066,5.891788
41396,6.65,6.7171951353603045,6.615961367033997,6.743650793650795,6.717817273008128,6.7691698583190245,6.733657554590704,6.790204686985305,6.726201
15307,7.31,6.754170725542681,6.87206013611574,6.774366197183095,6.83370194951968,7.056259084001435,6.728992617706453,7.019941732502076,7.084709
38285,5.97,6.490892475577145,6.1451200174503,5.961666666666666,6.080651219901328,6.0902578353834915,6.523206176791476,6.436931218313527,6.0224705
19209,5.28,5.054682409191883,5.071351690153831,4.889375000000001,5.387649277723576,5.381426078625468,5.1121787376303915,5.081830373106698,5.3738565
53958,5.76,5.995829296551059,5.905966023087255,6.989285714285715,6.575446932671215,5.990077811176571,6.015993201879613,5.801208495263971,5.845544
39037,5.18,5.2585723752275815,4.541391889412782,5.345090909090909,5.334066477286091,5.1256570576185245,5.403428162231224,4.930101517176633,5.2566867
5056,6.28,6.312334574830937,6.234718551802233,6.777599999999999,6.388161631111407,6.2270351780632405,6.3397168824510635,6.661053867644254,6.2361507
1236,6.96,6.750060886557765,6.968911276337008,6.828596491228068,7.084530994819974,6.758978533614165,6.749682648834414,6.992773223618771,6.925621
32817,6.17,6.1489936052428575,6.20386207080257,5.719333333333334,6.139191747218722,6.234712598425188,6.202517596746429,5.884953300455295,6.18726
34872,5.15,4.5276033964444675,5.127722372368055,5.115135135135136,5.1651056381188685,5.036952243137455,4.544875636132849,5.017325907042936,4.9627953
19271,6.34,6.446420142945201,6.2880811819854765,6.074827586206896,6.0084175796904775,5.965075028756344,6.422052085977812,6.283864365749515,6.0468163
51465,5.53,5.4005131615902755,5.294184753853237,5.68338028169014,5.382653599778216,5.46583304522163,5.437744413456793,5.407817419234172,5.473244
7276,6.45,6.254717070561829,6.519570637226133,6.281702127659574,6.313756182722965,6.578578305228393,6.27814213260094,6.340750218864266,6.481046
9213,7.29,6.599938458280437,6.99807272941685,7.328611111111112,7.055716807703983,7.164912533892595,6.604935833776373,6.646168661508385,7.068779
39286,5.12,4.895275776986434,5.283587457926452,5.461666666666668,5.306111305883683,5.2143890209437656,4.895624005805008,5.0423182992877305,5.264996
3086,6.8,6.8025950571362985,6.958877632483729,6.613448275862068,6.699576348228328,6.505544839375543,6.739968663993687,6.4633289554600175,6.566872
40040,5.14,5.795089171787269,5.774263775491372,5.308055555555556,5.5969063100518275,5.679509785745308,5.813306248612377,5.78984195664418,5.673418
37928,6.64,6.397111507112855,6.707705462802887,6.8336585365853635,6.8231927011797255,6.673095408088108,6.430847951449651,6.416548124313927,6.76821
20021,6.55,7.41490544044375,7.493806232579172,6.95418604651163,6.860208934553387,7.334847255062259,7.388309682819292,7.398906916680511,7.3182564
2155,6.14,6.8235934264267675,6.450076809691236,6.903749999999999,6.760271807146364,6.546898586233863,6.766600780742211,6.477202891352221,6.5975885
25969,4.82,5.885241813661355,5.222323601410405,4.708857142857143,4.805696679110638,4.95951387003081,5.837208332929295,5.240368127798744,4.7566624
2756,7.23,6.845809230038042,7.0168491173546155,6.7235,6.4939405998266935,6.345508586873238,6.862794640385061,6.924217540343983,6.4483075
22621,5.59,4.90787598754085,5.6335433305504425,5.787704918032787,5.730570566833225,5.642096457731419,4.89896410615694,5.450935181223695,5.7093124
2443,5.44,5.6985133393431076,5.337106196231008,5.445714285714285,5.4412177867417695,5.534110045548782,5.711383326017427,5.565607501936881,5.6025224
2905,6.59,6.092618522863184,6.0723001903762945,6.467894736842105,6.574100149295918,6.419330626810484,6.139379015616938,6.3567707752808955,6.245739
41290,7.29,6.946691544097118,7.113932460017264,6.390714285714284,6.6337527665237115,7.341214151571094,6.927142189979899,6.965203669720973,6.9227014
2249,5.43,6.841506711965912,6.739006947703595,6.80238095238095,6.575496338836211,6.651013396642744,6.842538420137087,6.875259423714114,6.535886
6291,7.36,6.946682159303927,7.2955576303972025,7.32,6.993063885129838,6.974654790921307,6.945939758916109,6.9646424562273594,7.1607394
52291,7.51,7.348133742845408,6.96473203465236,7.470263157894738,7.394976066269422,7.383920503821621,7.325336376711238,6.956751232409523,7.3774185
37662,5.99,5.600167589676763,5.9141022302419906,6.068194444444446,6.010425256340111,6.183668248977253,5.609237749849854,5.9222833726449515,6.1541085
2574,6.0,6.4009644083571615,6.22636268309502,6.236599999999999,6.390779904165609,6.350094695029852,6.371967000024525,6.326153568182562,6.3269534
16143,7.06,6.517326936593333,6.526334148525743,6.8441509433962295,6.709257694590474,6.724828916348017,6.533660230703576,6.64940986617053,6.7494984
2760,6.02,6.792226060914771,6.493001885884539,6.167794117647059,6.424388267692502,6.3579150682998655,6.795725459181552,6.548551290052979,6.4226356
35314,6.78,6.442408991427821,6.896113373729662,6.973921568627452,7.013363431729682,6.7550205096073945,6.450823622750164,6.7360536009396,6.904754
39795,6.87,6.499326195453133,6.370862362045421,6.426578947368423,6.504473560032133,6.098837667285962,6.512654180961396,6.084406343188368,6.2491255
54772,6.84,6.736519993180814,6.669109673355037,7.08,7.111233282811761,6.971724373094743,6.727132237314119,6.809286137697865,6.980345
3968,5.66,5.836242969958993,5.4183457548402245,5.938412698412697,5.854700030925314,5.611547911892285,5.8634563101694495,5.630290718524563,5.691005
1634,6.47,5.918575739224567,5.851912699473154,5.741269841269844,5.805040580840447,5.758675468965358,5.924348794011125,5.9244517907988765,5.8354664
27721,6.39,6.98982651427166,6.849881193307576,7.09803571428571,7.20535177991727,7.188916449881567,6.968955334172012,6.978095518747354,7.1300044
299,6.58,6.6346342809508,6.658542395750847,5.865405405405406,6.198448214037806,6.257365817090913,6.578126470103358,6.719991835014701,6.307905
817,6.39,6.944839476130712,6.792306415714066,6.96876923076923,6.811789113440253,6.692687385390285,6.909228278277078,6.898439427122428,6.7955685
2710,6.38,5.821497383570547,6.009643562900683,5.891777777777777,6.000365673991041,6.05215623446468,5.780560600695091,6.005559385022296,5.9488916
30614,7.24,6.26334994133858,6.57177482628746,6.783134328358208,6.828083810842208,6.93062896835322,6.269004369119194,6.420489535368086,6.750416
4052,6.67,6.370107965573904,6.436670297460387,6.765652173913041,6.7305632945782765,6.5832629064313055,6.408738239123047,6.504004164787496,6.5813613
17951,6.09,5.757553454069577,5.76987921303691,5.787704918032787,5.845376329181389,5.835990348985949,5.763425387492157,5.92650605389107,5.8179784
1921,7.84,7.343315878578165,7.154260869261198,6.933157894736843,7.280549102039224,7.150607913808407,7.333372090635284,7.105073747676041,7.1264725
32093,7.81,7.638556676433224,7.824493830542679,7.5365957446808505,7.518271289755206,7.535201338811322,7.614194072041897,7.768109841459118,7.5285764
3266,6.9,6.63590139312968,6.733337364093049,6.613448275862068,6.743670936351803,6.7397508957730246,6.64139448115975,6.770233609585153,6.8539023
19747,5.08,5.126575795300718,4.727345046062105,4.853098591549297,4.925420714612202,4.978944307470256,5.147114649894773,4.759003104043108,4.9928336
51958,7.5,7.194347837901823,7.242332789703726,7.4502040816326565,7.353635188106194,7.329634220997383,7.2097873450902,7.255638818077291,7.366268
41283,6.48,6.573481505258555,6.5132470396838915,6.639999999999999,6.6745313672041044,6.674138092515641,6.578582962408502,6.549847505321913,6.702317
49661,7.49,6.5814840340509,6.784367428579744,6.414666666666667,6.483359060148408,7.026937453629526,6.5221169831236985,6.546621466672731,6.8556795
9326,5.78,5.999100601609026,5.8459440235946145,5.741269841269844,5.864755255811804,5.7933383703838,6.0124255050418265,5.953825639939792,5.8032117
4607,6.66,6.209929199143308,6.498075671283376,6.630303030303029,6.593951124898796,6.491856839139722,6.221389589152741,6.290860548740533,6.503689
35113,5.93,6.101151479568644,6.09500195868923,5.68338028169014,5.663244242715629,5.817892323099915,6.08616564077716,6.603613337633927,6.1111526
4127,6.45,6.4133536617099445,6.493226140361082,6.542352941176471,6.667081646774847,6.770985193838491,6.381432598950243,6.440936382009299,6.8041306
30669,4.51,4.756907329664559,5.025284485635686,4.8836,4.8840055991914015,4.829042038447343,4.762122115771527,4.896585965744709,4.8368983
10321,7.01,6.9758801073650565,6.852450954036359,6.625000000000002,6.634870139114133,6.655364439170802,6.967067639288904,6.804362782979355,6.5352187
1571,7.74,6.794614315364211,6.905815905353289,7.341060606060607,7.229108248061885,7.007270061949414,6.8074860541863655,7.031264021035481,7.1547775
2001,8.64,7.608477101908836,7.759688836132255,7.734461538461538,7.790806858201976,7.7733827872541505,7.606783334905899,7.75315725305461,7.906861
4718,5.63,5.708848041122723,5.62336450951646,6.122121212121212,6.209935818574006,5.575474202429729,5.733745871285947,5.6700327808832585,5.5213294
30,8.36,7.893660208822766,8.307922331895131,8.166470588235295,8.07483453867882,9.348281540927639,7.827756681854202,8.567697956099131,8.896163
13251,6.36,6.800807174678214,6.182125003121384,6.609756097560975,6.688267104480838,6.439642608951867,6.78648810551324,6.361126136265587,6.627024
32239,6.62,6.294164601617228,6.239834097238278,6.299863013698627,6.334682070633248,6.316289415417749,6.261777883144722,6.354310737725316,6.3383784
41634,6.45,6.048569107316822,5.909231567881416,5.884225352112676,5.975787053048748,6.205937798616241,6.037515778683458,6.125712037072783,6.0226965
29820,5.4,5.36583128013171,5.251801457592376,5.4359649122807,5.438177019313184,5.254243394340456,5.401751593537653,5.27599172645227,5.3517094
32930,7.22,7.159903828570406,7.627130554232816,7.6088888888888935,7.158325095031176,7.260607632127778,7.151972512992269,7.574404410673502,7.393431
4310,3.58,5.41877413880224,5.0266219228904525,5.106578947368423,5.09556941621486,4.911976226040834,5.442117764292908,5.298610003583349,5.0407524
30300,7.27,6.282769421093062,7.213460873477426,6.951176470588236,6.998628095252465,7.023802544485409,6.301121843144327,7.249367141329792,6.8273296
38436,7.88,7.692267571885811,7.922125333377918,7.697500000000001,7.382307217355496,8.057233133210934,7.625972309703308,8.04594032086822,7.963229
31189,6.86,6.411601713289639,6.375705270722063,6.512575757575756,6.4939446696375684,6.522152451314648,6.396181517104903,6.19709755134461,6.4766374
27783,5.74,5.988224847106104,5.447566149058575,6.289361702127661,6.466057102965979,6.254538210326708,6.028582362317721,5.612880512661837,6.3063645
5403,5.67,5.836495258999843,5.560616689483011,5.445714285714285,5.606430829460241,5.597977247633944,5.849865745440396,5.741845266438535,5.549451
17831,6.51,6.764531156342664,6.377003253083205,6.521666666666666,6.53602405898839,6.720528867193024,6.746270443077993,6.532000211582469,6.558804
28723,6.54,6.563975685917631,6.28234841136616,5.740714285714286,6.024351459594946,6.629110122394797,6.5330275879628275,6.699218754468488,6.479347
1462,7.72,7.3172900074165526,7.837753418530672,7.9001492537313425,7.858115780841164,7.539489640635759,7.305714349447778,7.688459502438433,7.609904
28367,5.92,6.403331545207558,6.0505820280022,6.101521739130435,6.00988141245671,6.197398520811631,6.396574486684436,5.983891332815383,6.11181
30370,8.1,7.324944375612655,8.224635082026339,7.95,7.62197525434754,7.560670467857124,7.308516471589507,7.64867209511304,7.674642
12267,6.26,6.716767145521314,6.641167832754271,6.392857142857143,6.132922195921221,6.40577253703525,6.645597697530759,6.140286628019411,6.247809
1752,6.65,6.386913794825732,6.208612030127091,6.369400000000001,6.31684368372704,6.200370998376985,6.376767433968795,6.445796460100123,6.363282
35745,5.57,5.827474657245366,5.609664270250322,6.074827586206896,5.7746468223231275,5.809553317225787,5.822106266594509,5.48940975839399,5.7666216
33681,5.99,7.052100601518523,7.270445612858701,6.922826086956522,6.798436405763256,7.229886213535404,7.074830758905517,6.775871635961297,7.0448127
10346,6.31,6.526988344120208,6.535580374151656,6.459714285714288,6.124768505889003,6.017005119345246,6.518195743726925,6.637564460712163,6.134334
5556,5.1,5.447633441502872,4.963518736261242,5.106578947368423,5.015314600048752,4.771797047125136,5.461142877515214,5.638690577227437,4.9490194
10594,6.03,5.961526631386116,5.398676470340038,6.010399999999999,6.032005500068577,5.918706182180853,5.966435901009753,5.926282641218286,5.965301
18099,6.59,6.78319198065928,6.513056675653821,6.920588235294118,6.882030408922736,6.52963333393438,6.795185138161269,6.7626304679510385,6.806801
42797,5.6,5.816891812556781,5.8619549562014255,5.908906249999997,5.813623557986322,5.732946500182935,5.886094724675069,5.742010489780945,5.85096
3902,5.42,6.045951418780005,5.8667237629939395,5.741269841269844,5.84981653419913,5.854430823021733,6.058317782442599,5.803204147112419,5.823564
50436,6.24,6.4106882192736805,6.657151864843985,6.630303030303029,6.714240455550056,6.711745345687683,6.429113738502378,6.519208077174268,6.6766133
10116,7.0,7.245796141647047,7.1238247100597345,7.110882352941174,6.95586863741099,7.242917830166485,7.227231737694561,7.169479802008114,7.2524033
1952,6.56,6.8118035233696395,6.820229705543712,6.668695652173913,6.87873320972508,6.568492056610129,6.786889112124575,6.821248842888233,6.8154917
57238,5.97,4.866301786709583,5.556298484863481,5.533636363636364,5.608845080336926,5.5938913485304,4.874275869827339,5.304720511198209,5.6054664
1391,7.35,7.422325540278505,7.657658200703925,7.413230769230767,7.54348200137998,7.3425736733688565,7.387761135011454,7.564902458428314,7.1867003
33803,5.85,5.838411772494914,5.665532900045556,5.8146875,5.827094578332999,5.547983237569155,5.8191372121877345,5.6840053397711365,5.6711035
1655,7.27,6.343618138510401,6.108040514996867,6.7700000000000005,6.88263093816247,6.2323584381429,6.380800726657747,6.239204147092966,6.565352
38186,7.27,7.075108440441491,7.043985014629461,6.869019607843139,7.105690874110263,7.055036568388196,7.0859303133878395,7.106540366054594,7.1303654
652,7.15,7.0191713581499835,7.292840572733596,7.341060606060607,7.199252542759891,6.945821934853505,7.011936313847051,7.017066254435718,7.0607076
1495,6.42,6.105554745762882,6.251203128508678,6.613448275862068,6.57469399045546,6.074522216046985,6.181431751509431,6.200100467993158,5.9650016
35608,8.1,7.870256080610332,8.233487480014599,7.4733898305084745,7.605921313130686,7.913403077044758,7.849774246579571,8.07831336691358,7.8074474
1587,6.84,7.197726350857612,7.17819799961738,6.8842,6.941809308977719,7.028850742710972,7.1664634251037835,7.229277840363904,7.0616174
15813,7.34,7.59580696891407,7.2681907488352095,7.022857142857144,7.196755319447489,7.224694362680485,7.553341796233365,7.374362730131069,7.278006
37446,5.68,6.011403522409996,6.106841785568651,5.451290322580644,5.832697133492902,6.018442812684351,6.0211662402659645,6.530873972845305,5.905801
50400,6.82,6.548808008351489,6.726528598297211,6.632432432432431,6.695557662723308,6.8834662512223534,6.592156705852705,6.8357521776832675,6.7358413
244,6.88,6.945461084586286,6.999938650443656,7.064912280701751,6.951796377129895,7.066341524158154,6.9532363524598715,6.969312150152701,6.99577
2264,6.98,7.010957737841733,6.83593114704212,6.774366197183095,6.647158811562655,6.688752251450522,7.038095601435236,6.787432675802323,6.7853446
9799,6.14,6.646402864946349,6.626723960119212,5.884225352112676,6.038904555386676,6.1431435219662776,6.623746219553426,6.45572397385107,6.0638475
11005,5.88,6.2640448583815,6.31148125351992,7.081176470588234,6.698922882331236,6.13780193007827,6.278760470693262,6.486298804557181,6.0583425
1148,5.9,6.014334946686724,5.5475492985398125,5.82551724137931,5.966869022042121,6.1662485411586605,6.036636390183779,5.771351930071329,5.660295
353,7.73,7.110602291167899,7.428107820331298,7.160338983050849,7.264214746282253,7.192561102773214,7.094099032864304,7.078695148585673,7.247418
4856,6.27,6.082272450801567,6.080291636114242,5.865405405405406,5.876236199280611,5.99725197886477,6.150235448052107,6.2588425155779515,5.886193
24833,8.08,7.734547631806244,7.625683105843122,7.734461538461538,7.663664369187162,7.836473138291655,7.723569106061053,8.032616267316698,7.919938
33089,7.51,7.026917548450385,6.97302647763877,6.5072222222222225,6.677601913893366,6.874012584028421,7.046063797439983,6.88110405833733,6.929334
31483,7.71,7.036066580894855,7.428660685112776,7.328611111111112,7.384556805463512,7.30977711521629,7.022539281963048,7.194691961478712,7.2528234
9916,6.44,7.037654484390917,6.79542478952425,6.437916666666666,6.227841055363087,6.673257619218614,6.9684217389152625,6.843799317081041,6.5318727
42340,7.22,7.110904116839097,6.971350502037143,7.061666666666666,6.937387212181059,7.100076566810062,7.064745323183095,7.01875929862466,7.06681
34852,5.84,6.221945029698588,6.301403200425464,6.013333333333334,6.0172941962492965,6.06122645785965,6.205990204762895,6.034472141607699,6.0972967
38379,6.1,5.291082916865397,5.792633333020181,5.584444444444445,5.809260724053068,5.869892409333468,5.295994099261719,5.934221604767199,5.9061575
22827,5.99,6.38515668330785,6.109186194024148,6.010399999999999,6.0201129707983965,5.847416053126691,6.373091256873578,6.0513415509696165,5.9847894
6688,6.19,6.602901114344731,6.433620842777238,5.9434693877551,6.304725827480538,6.557529482104269,6.652380260639475,6.51915353935204,6.4088464
2304,5.9,6.021438089263751,5.667557466349132,5.788793103448277,5.677476748889946,5.650818518098179,6.030598086113247,5.946563798999149,5.69117
1858,7.25,7.46643233318892,6.875567526879302,7.071481481481483,6.934636588390245,7.0751825071172165,7.460405495509781,7.277380303560861,6.951761
54632,7.25,7.238042227826698,7.278705899414206,7.2961016949152535,7.294129789679637,7.27590624184689,7.203569831205329,7.020940517962378,7.17611
1198,6.52,6.6661355508799405,6.375696138281874,6.96876923076923,6.804129596584291,6.515382950701869,6.698843937314471,6.139243402747085,6.61086
9782,6.09,6.495652976046087,6.806570427924029,6.538918918918919,6.57652798212402,6.709909819321503,6.486359865231766,6.50266045338175,6.6119146
38544,6.03,6.111689477794455,6.089870935187341,5.451290322580644,5.942052963764611,6.100852155546402,6.102297990154314,5.922338829535656,5.9502344
7343,5.13,4.792985527384468,4.629023075780774,4.853098591549297,4.907429922207019,4.651832600800258,4.816608340465838,4.491949746625847,4.8550086
8664,5.58,6.4665781514571785,6.3209282618351,6.167794117647059,6.175348600769093,6.272516834901732,6.469250866663918,6.3840848614517105,6.147342
5408,5.37,5.777387950020858,5.539695872166655,5.445714285714285,5.454416164415337,5.512670701491294,5.782911355389258,5.714038623761889,5.5479717
50267,5.72,6.722081863721026,6.630941341026747,7.2961016949152535,6.838854652205947,6.689525882166246,6.754230789079223,6.835884426444615,6.6665134
1238,7.29,6.7156118079778775,7.02032027839616,6.9805,7.07433839051162,7.014724664737511,6.734683019112489,6.8982610882751025,7.0510015
38353,4.71,4.971135952611561,5.475205284956195,5.863571428571428,5.451491046929675,4.852889075368014,4.971242446291554,5.191518329018962,5.1596904
13833,6.58,6.592641763584489,6.121381648689087,6.280909090909089,6.79306593684032,6.826088641524093,6.560335241910105,6.455241599833344,6.6681614
8176,5.45,5.4644144743026,5.518971525641403,5.4359649122807,5.452063406541571,5.316473699249993,5.451864971533647,5.514379780115781,5.491237
1451,4.74,6.217872975437276,5.73045643988647,5.219629629629629,5.630736027133449,5.602074880347037,6.210282102954023,6.007588171570933,5.4779124
1363,8.02,7.594960859097355,7.888567439210729,6.908431372549019,7.425921079510819,7.924124096317426,7.579519341656942,7.963826684379912,8.064009
29267,5.7,4.719279612659591,5.43674447298001,5.569117647058825,5.634640971821064,5.5647262557050565,4.731104661091863,5.139754814632235,5.4707613
38549,6.38,6.059642497256616,6.144905639192076,5.8146875,5.898739890161779,5.959574260454098,6.068820815186791,6.231277172606903,6.035254
1005,6.58,6.615242138288263,6.477855110058353,6.828596491228068,6.871547296384506,6.528257263534843,6.620734697814684,6.471707886790144,6.5879903
41842,7.11,7.256485738831479,6.37702535726353,6.0194117647058825,6.4215780428100135,6.57079583212695,7.155349428692149,6.685729263506251,6.773658
21373,6.44,6.234076666048978,6.1920048758396975,6.908431372549019,6.540341567982698,6.3275637885209095,6.2686471369036525,6.592088166381469,6.5801396
32380,7.83,6.898571561867116,7.880925832067629,7.771136363636365,7.567430982151855,7.541789962708575,6.875619432149033,7.756478733728013,7.621632
22689,7.14,6.421495225059389,6.682593008204757,5.813333333333334,5.810984464435554,6.526356582047483,6.470962240182989,6.872807925585082,6.1244073
9931,7.02,6.96767782407017,6.965615207593197,6.933157894736843,6.725042162833043,7.214202067149326,6.972665586047837,7.212925876950521,7.333778
1407,6.08,6.067903716023833,6.350551335416141,6.1331914893617006,6.183754749311251,6.071965119538502,6.016593678092708,5.9362808703877405,6.2360373
36991,6.23,6.3096954060267025,6.1393874533726835,6.011612903225807,6.249404138021666,6.251103986809253,6.345642246574039,6.284761132802718,6.162906
54870,8.32,7.4223983600675325,7.58985007396942,7.9001492537313425,7.817932956391569,7.858983799482157,7.38972806087443,7.99677765275984,7.7915974
212,6.85,6.760296738559565,6.812027682059168,6.532799999999998,6.917784643417139,6.656085662267955,6.784777006497224,6.887882393560406,6.795118
15437,7.42,6.715581521792737,7.465993461403347,6.886842105263158,6.975149762651601,7.143301218552602,6.681786782279253,7.1420556360742395,7.0855346
40143,6.27,5.96788790369629,6.065185953729748,5.755593220338983,5.707672081964926,5.857175000397548,5.9684038211662465,6.033558293748717,5.84902
13519,5.25,5.324729652075112,5.312185206502874,4.924545454545453,5.139832734633412,5.357142530627767,5.334583601068588,5.262510801947357,5.2031837
4477,8.13,7.6046265689080075,8.12471893195233,7.72108695652174,7.838577699725797,7.932762940076155,7.5926011618078935,8.057696448269235,8.025146
54637,5.78,6.085206056797937,5.889760038060506,6.159999999999998,6.069242036221179,5.863328418146563,6.076844364222762,5.531918871535848,5.7484026
33231,7.2,6.357219883899588,6.604372511750373,6.630303030303029,6.717080603448456,6.710912067607965,6.377849370853672,6.479719737170525,6.701438
36397,6.31,6.21665187411477,6.17797831698454,6.6913636363636355,6.548202410164554,6.547727929827636,6.223100506513922,6.272824104193589,6.455283
3464,6.54,6.815458994437938,6.783772599207329,6.795185185185185,6.786061303062801,7.028579162927659,6.806304163770865,6.610310807880387,6.886405
50644,6.25,5.940349566701807,6.0472713440516195,6.537142857142858,6.233144372610465,6.105971817873521,5.955706314588756,5.986023249536334,6.3055763
23233,6.69,6.370959948539466,6.390835679938978,6.480714285714287,6.7328281680542545,6.593960414928645,6.399277004932037,6.412756240242405,6.525807
8934,7.18,6.982070876150987,6.879882447373632,7.064912280701751,7.0049103466860325,7.077528239484646,6.988411139232668,6.821446098840987,7.0769587
35573,6.01,6.4605269550450535,6.3353568482571285,6.039545454545455,5.992126890225678,6.072429480032553,6.435868334716408,6.288899843108807,5.937095
1770,5.66,5.690275970926587,5.399068080180739,5.516666666666667,5.608004441183846,5.542595336474115,5.696064133042602,5.643022076842743,5.551196
28519,5.86,6.233899263494131,6.115589774802983,6.299863013698627,6.166326527776901,6.053525871760883,6.218546797693375,6.179089963345946,6.13458
48964,7.06,6.730251683607702,6.842254810572819,6.167794117647059,6.011797066342337,6.600895654216941,6.7622896144227145,7.088326642211515,6.460408
4173,6.45,6.373540786985972,6.546983562168378,6.573589743589741,6.219650786655211,6.10228099489909,6.380202036062122,6.37080784049105,6.1227775
36649,8.46,7.938065099740803,7.798131785602405,7.540555555555558,7.676614197545374,8.127420780285815,7.909699939644815,7.079421280131207,8.041963
49876,5.5,5.920753902843298,5.764188489137679,5.545625,6.013516017153469,5.44356406297039,5.914608244224202,5.874521724754889,5.6622643
399,7.18,7.122885534923418,7.06008614021495,6.774366197183095,6.536901886771551,6.449990075348506,7.122954451149312,7.066509621881731,6.5897193
37374,5.15,5.400545419156855,5.592636813424936,5.451290322580644,5.620520732905264,5.46407487378341,5.4455135063120546,5.691771506136982,5.3559704
1698,8.25,7.414572775207095,7.927826627146913,7.72108695652174,7.608834861546737,7.788585414368501,7.407626217188874,7.8980843102867215,7.705708
57603,6.08,6.84745412776946,6.579202637463581,6.045806451612901,6.272230988873062,6.224506614145063,6.848742993439326,6.86728171413809,6.187865
32122,8.1,7.399379176462507,7.86237580982674,6.922826086956522,6.965395413843314,7.537891014399626,7.361605752301676,8.084108336437328,7.533671
2598,6.75,7.199353168640681,7.217758827612767,7.72108695652174,7.731533541916747,7.530483166709751,7.212513539568438,7.246800281569946,7.3072815
57524,8.14,8.031861823404254,8.152231462635378,8.399999999999999,8.209650152168532,8.256680805414621,8.015940096826636,8.077144629866119,8.189051
30013,5.74,5.792571701471069,5.458226091284872,5.345090909090909,5.478766092254359,5.683852935442041,5.796287873819655,5.784748257617748,5.652515
24527,6.12,6.628006649161382,6.528062592056788,6.045806451612901,6.004553636603989,6.161687739590471,6.591765052031458,6.351629869754035,5.983397
1837,6.76,7.227301688857348,7.060930593620238,6.718611111111112,6.8101004507797755,6.795737938134508,7.2235434073671145,6.831475749259864,6.744874
35642,5.91,5.781818630102187,5.9862220798848655,6.03848484848485,5.893473616705668,5.794203743195748,5.789221405250604,5.9651485928380446,5.8581295
2243,6.43,6.934679368791411,6.829753593650978,6.064523809523812,6.467916479660057,6.662705170073552,6.971348198760489,6.999027480171836,6.5515075
44940,8.25,7.145852585347344,7.96623306217023,7.844374999999999,8.192056815023324,7.868677152111937,7.156777917169591,7.358420737021278,8.035655
5045,6.79,6.126104135110019,5.977494106382633,5.951874999999999,6.303667083236452,5.925981205729336,6.130483428659853,5.950956577650683,5.823003
915,7.22,7.324127467757969,7.236906080874752,7.295593220338982,7.125996795059846,7.331378864611509,7.317714010024531,7.232742841385371,7.322591
40664,8.51,7.4250615531743405,7.832211336898255,7.463571428571432,7.325674876094678,7.381448174540468,7.379165714345882,7.665306108267684,7.3602343
39675,7.37,7.450581135108806,7.80203318087134,7.130000000000001,6.842546545430402,7.978742174516916,7.362195924405445,7.405698174779443,7.6922064
38816,7.49,6.994707500025212,7.709890437575038,7.463571428571432,7.522716671062221,7.465728463753624,7.038162517526571,7.343803501940101,7.5187516
35298,6.56,6.882030107083121,6.610049128028328,6.521666666666666,6.465556897528812,6.716323526566571,6.839764086539893,6.561946131824737,6.6327257
49215,6.06,6.297350455311526,6.095186807828801,6.1840909090909095,6.522188793378372,6.41048596635066,6.303482210309753,6.281731032377444,6.1445074
40665,7.59,7.228005781580195,7.546957807851842,6.940181818181821,6.841740599535277,7.037103183596158,7.1913911744022005,7.576882245754387,6.771887
849,7.82,8.159633776726565,8.295149690924156,7.341060606060607,7.4864787601834974,7.740069000848091,8.133469146074,8.133272927017856,7.9364843
44236,5.92,6.561851230779034,6.134917155467352,5.9434693877551,6.1951665702369825,6.191646022519674,6.562327548446857,6.405081651559991,6.2156854
33091,7.55,6.84376922005126,6.93703632432849,7.450666666666666,6.706352514565755,6.857011808122384,6.81329090512373,7.165668224072886,6.842167
2089,6.48,6.798537881210396,6.847363388219531,7.413230769230767,7.450964826375134,7.312033912965221,6.801717138481707,6.797161385622541,7.2497387
31733,7.77,7.370112138258767,7.645587246650119,8.040967741935486,7.973291967062807,7.909868995947832,7.360875134409771,7.690314952834903,7.8873286
34124,5.22,5.020481386867539,5.330637387012607,5.318,5.368375415571967,5.4010839832034,5.025400254837652,5.1469573378335705,5.3108807
40246,7.25,6.498799570123187,6.599602185841566,6.640454545454545,6.6193904283319265,6.59585146058396,6.4936533774195455,6.457670803618991,6.6859937
2314,6.13,6.814659933561421,6.581599181479644,6.167794117647059,6.265921603628101,6.388400122461167,6.818703462521632,6.614332973983126,6.370662
5290,7.39,7.220462413653168,6.964389894771575,6.774366197183095,6.636926948688191,6.843084274603543,7.196731168694052,7.181355296308215,7.008104
27831,7.96,7.897095138768682,8.271284172024501,8.112666666666668,8.13198557600455,8.03113537657482,7.857997432270453,7.9737254901784365,8.134395
4369,5.0,5.8033636509259106,5.7892818931697825,5.758235294117648,5.7325409910809295,5.661027613537809,5.834908728689127,5.798851218141389,5.7953935
4521,5.93,5.948532017229428,5.720620529287731,6.014117647058824,5.73522356297341,5.595976390695404,5.96387108144672,5.823709016925816,5.6012807
8183,5.88,5.559533109852205,6.072287369894603,6.03848484848485,5.877916561174769,5.983889298510194,5.4758990657676465,6.193155732751187,5.9849167
59186,7.08,7.203402630625784,7.384977910401683,7.775142857142859,7.599233077320171,7.267002174625306,7.1688677732427335,7.0161480200748185,7.3782277
5665,5.44,5.394616335126482,5.65539712469269,5.445714285714285,5.52012873981345,5.5240104790269715,5.474796273624853,5.719813721052487,5.640162
6658,4.81,5.203168265277652,5.186789776933458,5.74857142857143,5.585167635179835,5.520877645563612,5.272392195878957,5.579446717111162,5.5213766
6986,6.32,6.3535082853351845,6.358903377999719,6.783134328358208,6.650656828702203,6.641544897640012,6.310438873340813,6.326790861669126,6.599806
49722,8.43,7.535627665059552,7.5892044345517204,7.4733898305084745,7.527620680120408,7.654592215020647,7.504227740022596,7.8185238831086,7.678514
7647,7.56,7.2886571072678725,7.15526627558693,7.295593220338982,7.220440456467461,7.207353466761732,7.26784554458199,7.238609594166808,7.2764225
6076,5.62,6.7223454723263005,6.311269101294031,6.221428571428571,6.462770462002291,6.407704519433557,6.726071975416714,6.515531040734342,6.512762
7967,6.16,6.369567546122409,6.284988554818736,5.9434693877551,6.192242165582697,6.167375883038927,6.372428531883443,6.015348505338697,6.2817664
4332,6.64,5.997031492706921,6.05233106355484,6.236599999999999,6.265945005922336,6.116992983990775,6.064354117152859,5.830150990246321,6.2832723
30480,4.3,4.1606172678006885,4.489562562356391,4.283488372093024,4.309557247001552,4.243233092863793,4.2197444191803,4.488846089745148,4.304371
413,2.23,5.734155485826994,5.0126779897805775,5.473387096774193,5.390394550675404,4.733016667625755,5.7783312201709265,6.160174279184129,4.8367257
3564,5.1,5.167017521675255,5.027203652128324,5.037,5.288561741632532,5.383546499229524,5.241311711203257,5.129734975308605,5.3271694
20175,6.21,5.9830258643676695,6.05232991693133,5.891777777777777,5.893403337668398,5.843453746794818,5.982817356520661,5.859567683253904,5.8572116
2122,6.81,6.814261052329602,6.35648916820949,5.4595312499999995,5.777528786217898,6.2724774977352356,6.773826764836278,6.58328042441843,6.2363253
4060,7.41,7.094407473690068,7.116330993284069,6.718611111111112,6.893713798848353,7.100440683663293,7.0719567278947135,6.999625071874774,7.1244187
337,6.18,6.73533478376582,6.4623123949093335,6.3374999999999995,6.424962683330762,6.250059087701459,6.780244062212098,6.4943657659061405,6.507318
34030,6.52,6.207959869573798,6.143954998702518,6.299863013698627,6.252105493249459,6.355552876531167,6.22856726002878,6.248808830533788,6.3286953
1555,7.01,7.150039020519626,6.815734362908749,6.96876923076923,7.076204452382337,6.987889851569469,7.087283976699646,6.764456210811093,6.9757147
50582,6.56,6.821471919857711,6.452285566046372,6.281896551724137,6.414997286184527,6.485266343454013,6.820127215015449,6.648786297825101,6.4554634
7651,7.49,7.209798639743062,6.873770888975426,7.267358490566037,7.126516823121742,6.923114698254399,7.207212463574531,6.850882038729308,6.9115176
2585,7.2,6.707352950714062,6.907835813515758,6.5293220338983025,6.246948142656142,6.427403394175256,6.695371984186671,6.902510114914909,6.7483945
21467,6.22,5.420363351404104,5.860818376838521,5.695116279069766,5.787475274161437,5.7575226627530975,5.383203112780272,5.710903255532735,5.8185916
22953,4.93,4.975562146224528,5.3092292143504745,5.4359649122807,5.324875793226347,5.421928161739789,5.006044044354474,5.270568774417648,5.43657
2548,7.39,7.257078700810967,7.1977928057433695,7.341060606060607,7.148739434958919,7.447744722164588,7.255636105158747,7.2886478376964625,7.405196
39753,7.25,7.899897594069294,8.347588663235204,7.9001492537313425,8.004550700144467,8.155524420871034,7.88636446035726,8.316359710430667,7.952929
1652,7.01,7.074381462303803,7.033070952010152,6.973437499999999,7.099063257092469,7.171038186921949,7.098166166583276,7.0378378586294925,7.297662
28851,8.93,8.436486323997187,8.847345376073044,8.209534883720933,8.211611916755803,9.163913715252882,8.422683236110451,8.88571572519753,9.0078535
22275,5.52,6.427362262321902,5.826846118143146,5.373095238095237,5.502933969684002,5.8843464865792035,6.407222978147614,6.121451167713715,5.797285
36950,7.08,7.01220947900735,7.188691105460978,6.743650793650795,6.950531885006187,7.2875813563945355,7.0029350359453275,6.937079718149461,7.0724063
34472,4.96,5.500352492900484,5.4387408516349165,4.894347826086958,5.336747109529191,5.280160864173664,5.493477303098489,5.501724937354508,5.337527
53492,5.85,6.484632893708557,6.2048256942717295,6.426578947368423,6.492376091689851,6.072908388206052,6.508020155821073,6.160189932179726,6.045141
40421,8.12,7.524585301752444,8.025218010199673,7.9001492537313425,7.841651860864711,8.029117987226746,7.451430327321805,7.87798629188739,7.9272075
3175,6.14,6.58576577897516,6.4409611288639885,6.123593749999999,5.988471410304217,6.1087396090125035,6.644830889223842,6.1401235270595755,6.077499
3854,6.68,6.260550309569345,6.198080122139502,6.244583333333334,6.271401330185365,6.338787787731703,6.290209508626652,6.188316010184912,6.2279396
2929,7.27,6.706257138450122,7.179883646567966,7.72108695652174,7.444554996597318,7.3668880497723395,6.741703620166435,7.215906244879572,7.3595524
33970,7.95,7.226926389229554,7.913895549889049,7.771136363636365,7.696030612422385,8.193444577473505,7.189166074337155,7.74557484526748,7.9386826
9724,7.79,7.450839351053569,7.60216235114605,7.478750000000002,7.392888270409948,7.384569655620875,7.399039400442035,7.559515310185838,7.5917115
31068,6.74,6.229582623051649,5.976783558846796,5.978461538461539,6.017318232942528,6.056596717250144,6.1941744311774904,6.398650888535876,5.9952717
33957,6.37,5.663970157403394,5.724714210460452,5.68338028169014,5.661942064495103,5.839405559074158,5.680307336028838,5.635977717229579,5.7422185
30864,5.58,4.794578762331455,5.128651587785287,5.115833333333333,5.060642433556745,4.9883271259048705,4.794813320185691,4.98970728415456,5.0406275
1129,6.8,6.4654652859970705,6.653811613917154,6.705128205128206,6.592913504098484,6.49550840358401,6.5132113415136175,6.467704309460174,6.5176735
8666,7.04,6.505647661137071,6.3179564694408805,6.8441509433962295,6.536209886323072,6.4831894380529045,6.497088547667232,6.581367821752259,6.565704
39325,5.43,6.260642197940385,6.384650421691268,6.908431372549019,6.447112515971579,6.1212285909222635,6.286467205199868,6.041055980319414,5.7122493
33726,7.21,7.0626310439092315,6.93449806763771,7.09803571428571,7.010087471173664,7.092659379099072,7.085611026818879,7.042522651636871,7.04666
6917,6.41,6.732801151898703,6.347730312635881,6.5072222222222225,6.36299997533814,6.509920244816559,6.722290410538522,6.488389946766589,6.4133496
379,7.48,7.5019512085166395,7.415660862113715,7.064912280701751,7.114637402380021,7.230984264658004,7.500257711321574,7.821188851144763,7.5944963
3577,7.24,6.818220586422113,6.8621860510469865,7.064912280701751,7.068925779712888,6.887155184623815,6.865022245059356,6.702009754193799,6.925469
5990,5.36,6.078420812822227,5.440872165080218,5.4595312499999995,5.564649443683909,5.502016857494225,6.114236231216403,5.947214382506448,5.141322
17989,5.17,5.429317224155119,5.163785900117855,5.373095238095237,5.557516050006757,5.057646861006577,5.468508180311826,5.101314193159766,5.2772756
29755,8.07,7.552917817850288,7.937491079781512,7.6404000000000005,7.4962543474869925,7.839489081407528,7.539404812461932,7.974709742165883,7.8466244
3576,6.44,6.638114227735006,6.602655772406031,6.862666666666666,6.86916156839915,6.683669932035376,6.622546639176015,6.684109811115269,6.721467
1550,6.77,7.177055648748709,7.264019435119863,6.828596491228068,6.918887916791411,6.935024904757325,7.147004254158976,6.939208674429569,6.9931955
41918,7.55,6.612674255425116,6.734741681308352,7.335818181818184,7.214080895576129,7.000616432382554,6.639681504942392,6.648241587346385,7.096354
35250,5.79,5.762728358355855,5.939301846290074,6.219285714285713,6.045879218911072,5.634332354571471,5.7814421602399815,5.952444825509644,6.058904
2410,6.6,6.097315664487823,6.425474040741571,6.281702127659574,6.257576113520258,6.384390770672198,6.11880198340538,6.163609714324509,6.2080584
53880,6.42,6.684819697026479,6.62510503924361,6.459714285714288,6.315744783450312,6.211465450087219,6.674896010692839,6.630950210948321,6.324944
8678,6.24,6.626330198531794,6.415846573556897,7.110882352941174,6.945678766240561,6.677330634569423,6.650910266369011,6.449660832373568,6.3957014
3529,5.49,5.901663713711677,5.450067271827794,5.758235294117648,5.805762306916936,5.835442277424463,5.929625824252552,5.6023027567696,5.796214
25,7.36,6.874765647296223,6.8048745837589015,7.064912280701751,7.033568466380745,7.149496124116886,6.874373979305213,6.96547821973535,7.012902
2226,6.22,6.48539255026098,6.192433222481912,6.219285714285713,6.186986276182879,6.13229950205445,6.41109309458941,6.666921179068307,6.227933
5365,8.0,6.860455993452432,6.598203244368639,7.465890410958902,7.456502123300089,7.181272509580794,6.863026591367747,6.6231368868804825,7.1519866
2700,6.08,6.412229546669254,6.259508453469008,6.5072222222222225,6.682799734534825,6.522807971382259,6.47539711316464,6.359888399555853,6.5854015
570,7.78,8.309402396013157,8.548404492575763,7.9001492537313425,7.843634523748537,8.46228304225023,8.261036071193558,8.089192574757988,8.143102
24171,7.0,6.882523269854608,7.84003255614773,7.6088888888888935,7.045121239956677,7.112955144379047,6.945916674278452,7.28236219160106,7.032222
9464,5.89,5.306292128565102,5.137182329256126,5.569117647058825,5.773086592179238,5.542014705830801,5.29799632582413,5.120964007493094,5.5437756
52026,5.81,5.804275427663367,5.505649938213926,4.924545454545453,5.139200553653899,5.443299581159318,5.792370065485741,5.80752268316892,5.0961556
28733,6.07,6.527275411488431,6.317644336998342,6.818947368421055,6.448171393263351,6.380173510961721,6.5087789474245135,6.29783076306157,6.3181424
51462,7.55,7.251757038381511,7.12983828544556,7.2961016949152535,7.40940819953286,7.4643716858254425,7.253169825649697,7.218266026676313,7.338362
50532,7.43,6.877077030360643,7.5817688388976014,7.32,7.032540987528648,7.2038049007884455,6.867538735250684,7.187267589071724,7.246334
17048,5.11,5.617059931435358,5.366148360414436,6.010399999999999,5.785753277124788,5.606984767935649,5.647179189778681,5.3245847930299135,5.701071
31263,5.76,5.407916457079018,5.008704386888573,5.115833333333333,5.187798768001371,5.303479937670393,5.416784680035409,5.204008183662008,5.074645
34161,7.63,7.237235081180743,7.325877992923083,7.463571428571432,7.031363520744179,6.865793646222186,7.216809450096184,7.467227702222748,6.9213085
1384,6.94,6.472506018843615,6.251260863579343,7.0590625000000005,6.970528098343746,6.873803320214546,6.459924058533508,6.555334586323985,6.77993
1111,6.86,6.534085948311058,6.5714800807397165,6.613448275862068,6.550188548582441,6.303168786773413,6.542559185119233,6.737596890807287,6.504817
10424,5.47,5.745276880244175,5.55336105762005,5.741269841269844,5.659112102985509,5.576330221477511,5.773924788470254,5.671655672317309,5.5604596
2916,6.99,6.7771234116951495,6.755688463545695,6.903749999999999,6.804089912702365,6.7601929487230255,6.766706005992308,6.723207808706956,6.7937565
35933,5.24,5.591637320387111,5.478756850503008,5.462291666666666,5.234968925600124,5.291258949394976,5.604166684673726,5.62483666331775,5.2367954
607,6.93,6.640635516286554,6.978140838968446,6.96876923076923,6.691405769610985,6.611128542437333,6.646202702552395,6.765795233390618,6.6414433
36520,5.25,5.393872032572737,5.014012649643574,5.462291666666666,5.414030840562691,5.422308533775175,5.4209242152688235,5.303383599175212,5.350659
1023,7.98,6.81747432314667,7.001801589035871,7.536326530612245,7.327749584294527,7.311043530829087,6.809232526176958,7.025463564215954,7.3486586
2741,6.47,6.936017865285928,6.457324667992757,6.064523809523812,6.321067472216129,6.497868229827545,6.887425628259588,6.408290445007592,6.3662863
144,7.06,6.910080653897953,6.5418404501251,6.437916666666666,6.4886508437523265,6.601836135189514,6.879942641186462,6.649360343752283,6.414382
2762,7.79,6.740655289827167,6.7533934077373114,6.718611111111112,6.8590905104190885,6.847553167383435,6.78260642722112,6.840995698972049,6.828275
32915,7.55,7.311853992760968,7.419136601554218,7.617647058823529,7.385350959857011,7.54470616108894,7.271970370499479,7.566585559266474,7.5219703
4560,5.09,5.4742588751186085,4.87903527593796,4.853098591549297,4.916841109612501,4.973392661517542,5.463676415869124,5.250608985830881,4.9915886
31128,6.57,7.161243636599401,7.13452732797673,6.8441509433962295,6.598484900035149,6.930373571267609,7.100257106368583,6.845222700611239,6.808886
37964,6.75,6.934432599335751,6.902647336241722,6.289361702127661,6.555276521361268,6.701837925819541,6.905211493584083,6.965237416836386,6.793381
1162,5.99,6.294271670976973,6.077821425854882,6.1331914893617006,6.030052455780768,5.862089819690629,6.275532560161691,5.983227541105127,5.990042
40217,5.44,6.272634928660687,6.081162058337014,6.039545454545455,6.047308151505018,6.247614043641941,6.288735057947583,5.77761114859717,5.5136604
29908,3.99,5.387894581386087,5.327690714657154,5.345090909090909,5.167774952752349,5.423097437720317,5.384763760420599,5.139238787866461,5.14036
33473,5.89,5.474066354706421,5.593750162620939,5.4359649122807,5.31735687419007,5.274119817969335,5.495275641117941,5.422195731813062,5.290173
386,7.22,7.286010925522745,7.0392084071995065,7.160338983050849,7.232535650169139,7.3179961879076485,7.301767505648457,7.12955271999364,7.4474435
2043,7.21,7.373182610835764,7.385410891703472,7.540555555555558,7.504998962689018,7.408212709577895,7.3589961868635605,7.286155241897433,7.3955426
7739,6.0,6.244759369547604,5.895005065819533,6.122121212121212,6.262922375711102,6.227305657436943,6.199172310006016,6.209263665759112,5.9717402
813,8.19,7.634641992341482,7.591400917901809,7.329090909090909,7.254210359513063,7.633903813295118,7.637924514563823,7.747541137672565,7.715141
42976,6.26,6.035768424292088,5.517915637072162,6.387868852459016,6.098747933926359,5.656680917425664,6.06523224973818,5.990972821114802,5.674265
2350,5.29,5.308881171178654,5.1572207097595735,5.445714285714285,5.488196754015237,5.166046361067212,5.363547065075003,5.289844926700433,5.400292
31644,4.75,4.531350399000576,5.222836010581513,5.115135135135136,5.131407569175836,5.088960021657294,4.5423415939234655,4.862789078858611,4.976786
101,7.27,7.44177146921329,7.287628775065988,6.96876923076923,6.791639507265206,7.124864902474147,7.414975687457762,7.5128266284846745,7.253656
40395,5.56,6.072553074516114,5.944122772472341,5.978461538461539,5.876826174346498,5.533787274409725,6.052249458056713,5.4315128273699536,5.524592
7711,7.9,7.641060534497784,7.721801595933591,7.9001492537313425,8.00090280027572,8.054483597892398,7.625106648139424,7.951649694867481,7.9924316
440,8.22,8.076306583392796,8.461450592282183,8.040967741935486,7.968102438663139,8.14226910114025,8.031674337174604,8.267044477347609,8.2163105
56930,6.67,7.17001712791258,7.125946764871328,7.0536,6.759377806717912,6.814715767091033,7.205391085183409,6.963721274144095,6.779661
29111,4.81,4.992521826740988,4.640910239341695,4.853098591549297,4.887192962154057,4.674001854738219,5.017089216918747,4.64738013353214,4.7684784
33685,6.21,6.555568222708003,6.3489537148077595,6.774366197183095,6.540421150899251,6.114373862807706,6.621465611097801,6.387982188999263,6.135433
55973,7.63,7.843045289468868,7.268551510609599,7.335818181818184,7.264778630975011,7.705664065011775,7.7549371925649915,7.282186640044415,7.5204277
2159,7.87,7.763118105747203,7.930632170212022,7.72108695652174,7.633378977917788,7.947451896258827,7.743001054911264,7.880031553980659,8.083636
36963,7.97,7.0399854352381475,7.781136512040427,6.457755102040814,6.960573554534343,7.431959640273053,6.976509774522878,7.75099239113832,7.307165
46654,8.34,7.411119671231233,8.101746907682198,7.452307692307692,7.580692028214326,7.867745927862397,7.345607859930175,7.998296340484978,7.7523394
41691,5.64,6.315216898996605,6.040972223206378,6.299863013698627,6.195442923996148,6.348724191386105,6.342929395608919,6.184556218359603,6.2006397
23319,7.33,6.922907620468587,7.685680351850457,7.771136363636365,7.601996846793776,7.573767343436561,6.9443073893189,7.092837635346888,7.4779506
13837,7.36,7.157587438225787,7.356330603284307,6.244583333333334,6.466348241292112,7.37143171449146,7.109103076917547,7.049234872716613,7.177864
13585,7.25,7.449956786375182,7.681477302736499,7.341060606060607,7.223486723264974,7.372765595134093,7.442666882193156,7.593016711032288,7.3669686
42187,7.27,6.955305576971753,7.1349458988840855,7.0536,6.950135518202814,6.921750145825097,7.005838912554267,6.947932810178233,6.994051
36368,6.67,6.226197920386481,6.088663785432193,5.923076923076922,5.766313554177935,5.899551361109527,6.228582569524369,6.236162293319277,5.943975
53414,7.41,6.714902718810359,7.144366195245594,7.470263157894738,7.140094477408055,7.0880083059700345,6.67924927918553,6.833655855441296,7.124732
15771,7.79,7.31668910307989,7.81608208899013,6.941333333333332,7.053643201405023,7.449130251975761,7.306343140287005,7.7405803004656235,7.2587843
31989,7.6,7.523554485067802,7.741757445517222,7.267358490566037,7.2113256131772605,7.155502526459427,7.524746467508573,7.488924628285,7.4152436
33964,6.55,7.227027172637294,6.559612427950622,6.5293220338983025,6.4098094272695345,6.410341368583869,7.176480471275408,6.642487884550857,6.442319
123,7.61,7.207655946197097,7.641498660334951,7.064912280701751,7.3149966758904785,7.625647691100455,7.230925239342286,7.787771004450283,7.5156536
39620,5.13,4.837864016278475,5.801210024551973,5.74857142857143,5.459451105162501,5.607430938213588,4.820399170019952,5.73710503244678,5.3788133
35909,6.12,6.292348148469538,6.215983231767117,6.6913636363636355,6.067750538884372,5.969332964261455,6.268830181905506,6.171960648639326,6.188932
54122,7.02,7.17066675833988,6.969139585091935,7.463571428571432,7.360454937799769,7.247737703267574,7.130718870603098,6.893131467839165,7.4921107
34236,6.02,5.5362382216842825,5.273056664938644,5.823333333333336,5.971184784685266,5.734251343346813,5.5853426056720314,5.424811305921504,5.729429
22745,6.42,6.3960504451910865,6.836696857405371,6.704285714285713,6.756492471756107,6.768457839683713,6.445301164366533,6.552368038442811,6.6122413
39760,6.45,6.448537426491608,6.387636831261341,6.167794117647059,6.273525492994014,6.287389636775512,6.443858066399506,6.415485385894332,6.330817
5927,5.92,6.010955428659246,5.660512300466198,5.865405405405406,5.9715987130229955,5.841799218106151,5.964628047464999,5.922135468488351,5.8419085
56342,6.34,6.336758456214177,6.563075737848975,6.253076923076923,6.39335181087738,6.249069049158207,6.389757156112763,6.490592786516066,6.402068
11069,6.28,6.316767830506504,6.3792676658421525,6.6599999999999975,6.4250323008339585,6.440968685341304,6.308647141438849,6.358344969272107,6.493117
306,7.21,6.9613994667013745,7.325949240116552,7.160338983050849,7.093161983776402,6.996608164809103,6.948406578343374,7.376380976735065,7.150962
32316,5.99,6.077302618091519,5.873915199140328,6.045806451612901,5.968975796664989,5.905821641758487,6.123041946561271,5.969336945499825,5.9808497
9737,6.27,6.069829503292194,5.857805968183873,6.756874999999998,6.595270710008112,6.456703550617254,6.1339880720976305,6.388272882248097,6.6631494
36973,5.71,5.127809692505984,5.394688930050804,5.4359649122807,5.366807484555803,5.401377120131842,5.122304740956834,5.23427394888313,5.313768
1955,5.95,6.458581949529879,6.357935278722109,5.461333333333332,5.960031321411343,5.6632964252798565,6.475261085907569,6.164500537539729,6.046826
35681,5.74,5.359896274360039,5.10814749407345,5.740714285714286,5.938842983855262,5.643080427095794,5.5421139092410225,5.359928046113223,5.731176
1859,6.81,6.609881528795645,6.113300935146695,6.777599999999999,6.641953117104371,6.246771556090162,6.62855346714943,6.2502886854577255,6.685766
31229,6.87,7.023670282182039,6.431263421047979,6.86338028169014,6.901966014255997,6.76883874495245,6.996232253295603,7.124967487530453,6.86039
13163,6.93,7.4120276063557045,7.311894635126579,7.329090909090909,7.344548971881997,7.629542571150612,7.422285434157918,7.5208007318620655,7.435118
7017,6.38,6.894828869383092,6.706801796842516,5.934166666666667,6.167551054987967,6.325417490025178,6.871672854216975,6.572227769608652,6.2955985
20583,8.44,8.077952963201046,7.934716096725707,7.734461538461538,7.704157773669855,8.026952637927648,8.057865284037302,8.22546603210333,8.015884
6880,7.13,7.39303759692959,7.18521325817764,7.09803571428571,7.150775198846642,7.629342951154708,7.384423922999645,7.025196422239431,7.2536397
2735,6.1,6.045399210954019,6.0133984156562,6.03848484848485,5.965314901998506,6.007654888140242,6.033035837524225,5.934737157675066,6.001924
5043,6.71,6.51691755037054,6.4984415627774545,6.244137931034484,6.169081621810895,6.420441631564347,6.506977067253873,6.521727185414189,6.1742225
11915,3.41,4.9675130920285255,4.608278006702747,4.5725,4.863595016811412,4.337223363487233,5.008287610832937,4.3807079891525476,3.805693
32935,8.77,8.049532737665098,8.260981404861308,8.399999999999999,8.233523350387898,8.418823899795463,8.029268050684593,8.301052386156904,8.351813
38059,4.57,5.044070653257697,5.01089532589338,5.345090909090909,5.148805580768468,4.669649416703366,5.052794247957337,4.945407427010583,4.529796
3488,6.38,6.606989939037934,6.659595063993273,7.022857142857144,7.114169534910782,6.9256107731302,6.649669353331617,6.193570764515484,6.882536
7158,6.22,6.644874604482116,6.393716837874082,5.743043478260868,6.102053352979133,6.183437077121201,6.630070599679131,6.2108525180879495,6.1588697
3513,4.9,5.918083492360482,5.907134639158082,5.865405405405406,5.902368232046648,5.742658464750837,5.933648278323343,5.953551074708131,5.5997844
36636,5.61,5.358886971838215,5.263959978352738,4.894347826086958,5.243136688384871,5.436694335283731,5.380543051336876,5.258623240725672,5.0479736
39470,6.94,6.2730895711101065,6.053027905272287,6.973921568627452,7.225714566809717,6.677635642291918,6.315213503691939,5.574114131683023,6.867445
29367,5.87,5.115574981379657,5.476894520998119,5.8146875,5.80393743055429,5.738838831317689,5.136292407129195,5.530585138263222,5.7574105
27957,7.43,6.789907852082464,7.016798623901677,6.975076923076921,6.999954875913441,7.168683232902394,6.74955665546657,7.075169473222941,6.707858
4197,6.55,6.892647102975276,6.847220473918008,7.064912280701751,7.014111297019379,6.948518501722573,6.867696782047521,6.853903111664875,6.9947352
4447,7.78,7.606117773918086,7.866300499903175,6.8441509433962295,7.126063873120201,7.556382929587993,7.593949680957456,7.898416656318441,7.541672
39849,6.34,5.851259905062187,5.874372126300403,5.8146875,6.133273480362353,6.2391218864841,5.8428747164233075,6.092479807674662,6.195061
51324,5.81,5.900673913854346,5.591109792168831,5.908906249999997,6.035451558249231,5.831072367269344,5.9397975423503295,5.82216274829041,5.832657
51648,7.43,7.414837865106848,7.377646311463423,7.2961016949152535,7.500889506078852,7.359932781044289,7.43973135262129,7.4201210918226215,7.46111
487,6.59,6.726425386941865,6.643206068829236,6.8842,7.148113837326963,6.912253190083285,6.730026463891755,6.67015639708756,6.9206905
50916,6.94,6.8584732783461915,6.901247053452834,7.771136363636365,7.5309915366446525,7.275694724210103,6.861957276301133,6.914389393383951,7.218915
25389,7.03,7.3775256045005655,7.346827472066614,7.771136363636365,7.62697355173162,7.861503571478977,7.384552294018147,7.564992264179001,7.733052
7396,6.64,6.637764453628804,6.753649957798061,6.975076923076921,6.888505819456693,6.870231736676877,6.621022103147855,6.805614119703518,6.841925
22225,5.57,5.899927392730645,5.909437663786931,6.219285714285713,6.2650412907048505,6.120891926525167,5.944208431178781,5.868671205441565,6.131059
20141,6.73,7.318798157696979,6.889935426037469,6.9805,6.957817319130664,6.949804873310443,7.336396182051391,6.945079817298533,6.8567786
32869,7.75,7.493985333532037,7.813736660934171,7.6404000000000005,7.2645813596452715,7.73232401363309,7.480808758806263,7.8893568349367245,7.6607776
10611,6.41,6.469110573709529,6.3898551423463035,6.889655172413793,6.700936577478607,6.552199938337499,6.451300509559942,6.709863434568572,6.529983
20159,7.73,7.280784803832516,7.053833766760931,6.457755102040814,6.9686115951540994,7.451165092245027,7.207408259656214,6.851748113914215,7.2392163
3462,7.09,6.2255909178885815,6.0611970875959065,6.414666666666667,6.1435090112617186,6.084435385987984,6.251256054214956,5.902580671112557,6.4084706
10620,7.39,6.989660638952757,7.145977475467976,7.099545454545453,7.15217485342942,7.352589823806169,7.026203308376925,7.381567750766378,7.351897
23361,6.96,6.529473487339956,6.700246242736834,6.922826086956522,6.864049497103537,6.923612654596908,6.526703659739559,6.579832789251668,6.9617667
32039,6.46,6.910443633694059,7.150420245206165,6.5174647887323935,6.524117795254692,6.533940167716785,6.903446103008066,7.001552985914815,6.550018
23737,6.04,6.806919131596962,6.755677563670331,6.115999999999999,6.38178426259493,6.641426819544049,6.775327871066835,6.535256477214775,6.83521
42351,7.55,7.9449562210092,7.507175156413869,7.625156250000001,7.635827636519991,8.037670800596807,7.867595721838882,7.160663197322434,7.7272563
44931,8.02,6.869525043209037,7.61331233407745,7.630400000000002,7.809472361489351,7.5480583342535486,6.831780620310043,7.2649112266498665,7.6688933
42257,5.48,4.930962293265585,4.5247195786702505,4.283488372093024,4.33574527607189,4.903628569963107,4.935132929462604,4.617445632644493,4.608059
57996,6.4,5.551384748415444,5.61640912547065,5.86735294117647,5.692363724768396,5.643160277692954,5.576397502778532,5.496199868318005,5.621916
31758,8.78,7.56062489003814,8.438632537786148,7.9001492537313425,8.002254999406766,8.08755174414802,7.522689598661483,8.299370227883129,8.058776
4761,5.15,6.018761694181651,5.728786154974485,5.951874999999999,6.427113579949565,5.792553342350436,6.03526084654402,5.7901592686816254,6.187285
37112,6.32,6.221531932057823,6.252565078789832,5.68338028169014,5.764771777781012,6.064426899195037,6.1999099162434765,6.0873378667397695,5.843094
1028,6.88,6.8506723322935565,6.855740380115949,7.267358490566037,7.2850087816141045,7.19614618069913,6.922882891854407,6.7355993690564375,7.0489535
2216,7.35,7.624013096315315,7.866437975595573,7.057142857142857,7.326471629415227,7.008993602122998,7.566250768679016,7.901520980807053,7.2076735
1751,5.28,6.151807704416421,5.54966153719256,5.5745000000000005,5.901481773694658,5.846845086005723,6.164061942208828,6.104954923580792,5.8275585
3334,5.64,5.83394694301162,5.630535578532346,5.741269841269844,5.718759122559939,5.680337292633857,5.854976830445301,5.71844560735978,5.6964064
2444,5.69,5.8475946087046164,5.654888438203291,5.741269841269844,5.71470652256364,5.5771426498286,5.862052549399965,5.772332635700092,5.605342
7148,6.54,6.812992501220644,6.809248716995691,6.795185185185185,7.001677551260217,6.735548332016469,6.786910273462009,6.929479549624329,6.797274
197,6.49,6.021726093259276,6.489620942959122,6.63,6.610412049087212,6.658951880326085,6.051971742741487,7.139429124174573,6.5081277
2069,5.52,6.718692027499409,6.480183993802105,6.487868852459016,6.508539050699057,6.2153619695163185,6.696568504585202,6.812801285599685,6.438435
9041,6.61,6.873709234146416,6.603057351245443,6.632432432432431,6.812524946022598,6.552868268666255,6.855463728064639,6.346489667631484,6.6819096
71,7.59,7.25730302750483,7.3196174290291225,7.540555555555558,7.528980893232442,7.5138478499909365,7.239913776426121,7.256945049095416,7.4681816
50051,6.22,6.743993073421638,6.475407325042498,6.426578947368423,6.529748147783349,6.510966217826069,6.76361767852908,6.705584905260148,6.55476
51,6.24,6.337024079047344,5.632066922522888,5.788793103448277,5.5908403614265,6.01823299698881,6.299673261759429,6.422685897694529,5.676893
2991,5.16,5.651149661220457,5.104986320135563,5.516666666666667,5.393601371007497,5.349282188163094,5.677228167953062,5.351839897137842,5.329438
3619,6.31,6.874610775311827,6.628959340763386,6.437916666666666,6.396100899109959,6.636891827085567,6.879027203055746,6.7700722105482,6.59655
49510,5.69,6.4251785040579925,6.3111067120829665,6.045806451612901,6.205560923478867,6.118704744701705,6.448262100967749,6.27155788382481,6.1008644
428,7.45,6.923511183983187,6.711937641156845,7.0590625000000005,6.960946848825859,7.062419161575768,6.84109317329222,7.418451296295823,7.002537
5199,6.93,6.662528203567266,7.001531955743696,6.922826086956522,6.876942320325419,6.950245746585524,6.6650607516099045,6.656357330746486,6.9880967
33899,7.69,7.294848767860145,7.926042385838017,7.5365957446808505,7.501198663116734,7.748441691879545,7.236562479262887,7.930451018289155,7.516057
832,5.69,6.219741212817884,6.376234936625597,6.8842,6.753376052163718,6.5853101139426355,6.256575746813266,6.408939619725311,6.542699
4106,7.9,7.3589144443614805,7.211703133889515,7.9001492537313425,7.95464623174458,7.872284520368269,7.360442195004785,7.450130125083636,7.713966
982,5.76,5.762934104425198,5.717422654365507,5.788793103448277,5.669929818536608,5.4732195656876605,5.804237941336142,6.140293136320045,5.5269494
3914,6.3,5.726795634458963,5.521086477306383,6.280909090909089,6.353087535047461,5.856108129627055,5.721559611263965,5.874264719381712,5.8754463
14995,6.49,6.352578655069664,6.48064477630677,6.783134328358208,6.594719035457187,6.513433998203174,6.331049714931621,6.592729262879683,6.5939245
38149,6.37,6.585350369721704,6.531801249760411,6.387868852459016,6.3118644524035945,6.540850303266478,6.577961668639481,6.759236802381096,6.3535333
2219,4.91,6.476860152823688,6.504902517908228,6.106800000000002,5.737671949561594,5.915328854349604,6.405909787077227,6.122141033215295,6.1331673
30454,6.02,6.461150487871576,6.468276841917306,6.102972972972973,6.112049659271858,6.150078958205834,6.414524201036807,6.596108372521248,6.1147103
124,6.79,6.851900280797849,6.770175698878458,6.8441509433962295,6.411081779874446,6.603931492718219,6.811739514511096,6.731166513056464,6.5245414
12679,7.44,7.653098167593441,8.02673484550548,7.72108695652174,7.610089057469841,8.050468738085685,7.633629587850113,7.634885974913778,8.159896
10527,6.26,6.142278471743125,6.031044624711293,6.3374999999999995,6.161748985231996,6.019983481485626,6.168847496974043,6.088599974742188,6.041019
12187,7.45,6.988651136895507,7.427477408044698,7.0770454545454555,7.2857647710731275,7.391062868746659,6.953597896189075,7.3001230631200364,7.4219556
34823,4.7,4.889331241715608,5.055786883617643,5.308055555555556,5.501724170039191,4.810989302836438,4.889222162790945,5.033929867477331,5.3364215
5504,7.11,7.326359026684627,7.381976099437659,7.341060606060607,7.243528201582782,7.304710409247882,7.316251134960609,6.979382821827096,7.2123237
5773,4.61,5.101746563290904,4.613812337213367,4.853098591549297,4.886941700170475,4.720325666622105,5.127256881590988,4.72413512199056,4.657747
2913,7.01,6.9493445799450555,6.932398404238163,6.437916666666666,6.402285482599316,6.918751722927497,6.957831356389882,7.087450458981438,6.7262664
7845,6.6,6.461326144020165,6.4918601612780416,6.159999999999998,6.116656204832053,6.376777860546221,6.412407224870395,6.450828428396043,6.2031293
465,7.17,7.138362911690105,7.3940993052022606,7.231379310344829,7.361261268470625,7.4221880152428,7.144262061508796,7.329422616397909,7.3487444
52561,5.57,5.958687478981845,5.794424958513553,5.544285714285713,5.959232863074213,5.842718642484619,5.978199167802916,5.963865197802153,5.8930116
35818,4.86,6.20307185715865,6.09277170613761,6.3374999999999995,6.034800833247327,5.94540638867412,6.222242831849005,6.0476841600270115,5.8106055
11759,7.2,6.837119763939933,6.790534759104943,6.542162162162163,6.701460262812236,6.712817803933785,6.800713744375325,6.59713791055978,6.565748
48654,6.4,6.502515012383432,6.172205042850073,6.039545454545455,5.989802059457942,6.066752038430115,6.516473441181298,6.417833302986166,5.9954123
7112,6.3,6.398096831214607,6.527254880208774,6.387868852459016,6.37392656098561,6.130945069197293,6.416569694806465,6.501128939805476,6.2860637
39489,6.85,7.0909141046502775,7.118726019084882,7.130000000000001,6.682492006649801,6.877160830732782,7.05167424197242,7.57710714068071,6.95761
19879,6.01,6.076361304957246,5.788811269755342,6.010399999999999,5.887913783683025,6.017612882092776,6.042989063248689,5.801409073484984,5.94594
17209,5.68,4.7236160679894255,5.3325815459563195,4.9020833333333345,5.326260208157773,5.37477552230576,4.736184750268727,4.880617007361646,5.296969
15591,7.37,7.116155914412967,7.6385329616353355,7.0770454545454555,7.289269496070551,7.743189639611563,7.088725932395341,7.207081106179067,7.543435
12997,6.75,6.267058917640863,6.658403365661615,6.783134328358208,6.825472563710705,6.723907589208405,6.271078537546738,6.414479111002043,6.83467
32016,6.24,6.522103552310835,6.27799355758853,6.299863013698627,6.3775640888637755,6.386517328726732,6.4884600069751395,6.315411713703912,6.426042
59572,5.52,6.064585633124088,5.926644425061688,5.844,5.954977339128771,5.850818965680679,6.115357670400023,6.13246450157548,6.0274706
10862,7.17,6.794522901187136,7.126317632417106,5.934166666666667,6.240159008184859,6.9395244538896845,6.745625161015037,7.1838291125762765,6.752748
37597,7.35,7.702451776653662,7.239094465586096,7.061666666666666,6.950822791645351,7.521486552395218,7.613058001493604,7.493186029983714,7.344242
41514,7.21,7.33742718467643,7.3259902941276165,7.625156250000001,7.378868271922631,7.357617978571685,7.29118707331742,7.462018022984974,7.299802
4250,4.78,5.710829891775536,5.314819105197002,5.088125000000001,5.5646460966083335,5.679822607796005,5.691344995143697,5.704436774944156,5.178935
40171,5.79,5.181113464431444,4.96836173652976,5.499999999999999,5.229061498451572,5.049656411068619,5.19874689613178,5.14091358798229,5.0335393
2195,5.83,5.940429741809478,5.881018196527506,6.014482758620691,5.962505352563046,6.027043783172579,5.975543936619806,6.025851043980371,5.8805776
14967,7.26,7.0590403009640115,7.073325201455719,6.975789473684212,7.48399353172523,7.385993311716128,7.0870835407530235,6.9651251855402805,7.289072
40056,7.35,6.477602314606911,6.577283904440414,6.526190476190475,6.725115317288913,6.602105887135437,6.522912037124771,6.5778581790221775,6.6286407
2989,6.01,6.114460061984473,6.42871469744277,6.542352941176471,6.483580886363763,6.416725305083514,6.1292015713287125,6.143524552375822,6.364024
8213,5.86,6.334627126709818,6.0076382016835055,5.978461538461539,5.8797303297944215,5.801289754651588,6.264896480423052,5.561512195050085,5.8545403
59714,6.17,5.262029047419949,5.536016396312105,5.488676470588236,5.540606648691528,5.46211248066594,5.271483966486489,5.544580405468372,5.4829555
816,5.51,5.784291179518342,5.636170949469474,5.373095238095237,5.539938582586715,5.845222893879344,5.764788852185218,6.2200684514692455,5.6560736
3088,7.13,6.835479890161065,6.957949838544289,6.973921568627452,6.981163993451153,7.049073411107587,6.833330580132756,6.91797156075292,7.023782
1895,6.22,5.858927641703575,5.762389377807795,5.741269841269844,5.733294210401821,5.78118787208247,5.88248422673854,5.842767756725474,5.6246166
1221,6.49,6.541476517883297,6.548810399193577,6.862666666666666,6.91781320975308,6.561131657745113,6.536062243389975,6.353179790249375,6.705813
32636,5.38,5.12704679454964,5.106663644838505,4.708857142857143,5.010627011303933,5.025708432906506,5.130408004107843,5.148033263441681,5.0620604
40779,5.85,6.384211922633876,6.073875864313426,6.05205882352941,6.368764794948897,6.248500520822872,6.3535037002047305,6.3389934213838055,6.2656617
53650,6.03,5.459583837839253,5.4628276302926,5.341923076923075,5.2716053385368955,5.222813131890412,5.46373417313138,5.401100373716746,5.1446733
36729,6.47,6.898400317832477,6.885502395340327,6.167794117647059,6.295473587839787,6.530208985350283,6.90334953563059,6.815341470127461,6.6237755
17211,6.36,6.808209661311635,6.748369755281034,6.869019607843139,6.689936279020538,6.749684395362516,6.801344301835309,6.805198183019144,6.775581
6793,7.51,7.074636237309616,7.39118664481987,6.973921568627452,7.2489482805256324,7.489512192828553,7.05660789737906,7.15343666652117,7.4284706
31763,6.62,7.2510244925300515,7.488028286008053,7.231379310344829,7.273413358449372,7.284026104730114,7.219017520295443,7.441851346111001,7.2270265
4260,5.38,5.78200562337642,5.459383855997579,5.106578947368423,5.3469073119128465,5.490253569018003,5.7913936860553505,5.6244833075663205,5.54595
3379,5.86,5.876993323067536,5.763080393182794,5.741269841269844,5.788899808098082,5.682316068013947,5.889363417053805,5.839524750078901,5.812119
40331,7.6,7.263391795432888,6.946795141219627,6.390714285714284,6.902101324653097,7.357365320404873,7.276209344267722,7.399926738014575,7.1898246
36569,6.43,6.1868261951418155,6.045579542701979,6.609756097560975,6.344215789349776,6.290849883334009,6.235905418707012,6.197538230963017,6.245929
36885,8.42,7.7887161180763815,7.924590180671493,8.209534883720933,8.101187096383647,8.040336641132747,7.728874655899172,8.063773504925221,8.188977
2391,5.4,5.72122137788288,5.904383965576673,6.068194444444446,6.1345557752444995,6.1828702780442,5.7143792051746605,5.783324230812747,6.088474
2561,7.12,6.433619829863846,6.583070702756029,6.765652173913041,6.7210804750638635,6.603923278825011,6.465052399356522,6.411995678825802,6.6942544
3508,7.11,5.954727175530658,6.957084583231492,7.536326530612245,7.215117097556085,7.320351087453975,5.992442797599347,7.039022502924847,7.3023825
24159,5.68,5.619487431293875,5.267312216772187,5.569117647058825,5.748825190158793,5.651628522906137,5.612955959153061,5.568257405316825,5.636278
10392,6.28,6.244626828205947,6.387509917951894,6.278846153846152,6.470000900841771,6.382381752093027,6.266917797932579,6.319651983669545,6.449056
9798,6.89,6.566320117462176,6.825239376939284,6.291643835616441,6.455195021129974,6.265327108917883,6.534582445244098,6.832890153431713,6.2725983
2348,5.41,5.916645473162527,5.948609891014958,5.758235294117648,5.876302441624214,5.831897568042704,5.923169260894689,5.94177621902014,5.8739867
39780,6.21,5.815997593121042,5.289653188856886,5.989999999999999,5.622646083398667,5.379791699915763,5.830205158369294,5.497140608736809,5.485159
3562,4.96,5.610322306557869,5.165055020556442,5.037,5.202945257634805,5.177123660309109,5.6318170692227225,5.480695511389799,5.0969853
16648,5.8,6.5982335992158045,6.203012754062985,5.610263157894737,5.664642801643297,5.892779449915712,6.564585463588124,6.385144272201187,5.774002
39250,7.11,6.3780833956865415,6.026217368329778,5.9434693877551,5.979601249471119,6.200406569221959,6.390796403960417,6.295634786991906,6.1043377
34699,4.95,5.423593629416825,5.431135890046099,5.345090909090909,5.44731043221549,5.631174171887087,5.433178758266525,5.523182726124961,5.6595902
5292,6.17,6.7700386334839475,6.522866899606217,6.064523809523812,6.486276195287524,6.532583559039328,6.774967460342991,6.625621577828941,6.513794
23133,6.56,6.819308754090824,6.58773086932298,6.765652173913041,6.702802023968945,7.010593377330427,6.790963290516995,6.907904128998362,6.8778977
4929,5.27,6.459414404625911,5.93266037035989,6.064523809523812,6.209630464663731,6.089196250263673,6.481527691321473,6.129395799371995,5.826043
33271,6.29,5.957369171223897,5.841248417372676,6.101521739130435,6.218820335343184,6.183791818818276,5.99492057995199,5.927207018629824,6.115756
33710,4.27,4.721269896329913,5.043934977077171,4.8836,4.839551591192768,4.9026485695815785,4.724984330964258,4.9109314632900345,4.7318525
2318,3.75,6.0389999626044935,5.6281981999842765,5.788793103448277,5.642835101522438,5.60294050539005,6.046480008202644,6.339804751668517,5.5548177
7510,5.94,6.952668761168489,6.402774726613755,6.167794117647059,6.0237390311643555,6.308944624011123,6.992156301232721,6.8702893850756475,6.291949
14765,7.12,6.880252080225476,6.693824092665979,7.099545454545453,7.192018076500795,6.875912554122506,6.8559651423882,6.629011181119686,6.9387784
38009,6.7,6.368821218382782,6.0404093075846035,6.757857142857143,6.402979250756352,6.261614257423038,6.4242134291004716,6.355622158262342,6.4346046
3787,5.91,6.506864133303664,6.790079587494763,6.940181818181821,6.502722911085631,6.39857835698814,6.468718183476515,6.270890508844472,6.3732095
5427,6.45,6.822812875969917,6.555852436756364,7.138636363636363,6.812572300472014,6.978805483021892,6.77942626236535,6.519368188060888,6.809393
11135,7.49,6.996059044001404,7.284810734688038,6.244583333333334,6.309893344019504,6.802392590987479,6.9461523813255655,7.092013290453824,6.7102656
54900,7.74,7.549381370262811,7.576765979839446,7.335818181818184,7.3730670975160795,7.507005356864209,7.536192444261589,7.447445690921628,7.4529076
365,6.5,7.089067969656023,6.999035803070644,6.414666666666667,6.214845732896961,6.358754424306684,7.04301685047382,6.7433218442183644,6.4116926
16099,6.15,6.282652759055309,6.245233039706239,5.695116279069766,5.969226233025183,5.992278988245917,6.308436847204928,5.954260715090076,6.1147857
55806,6.17,6.5983762443877945,6.697877746031413,6.538918918918919,6.896355314221019,6.616237691671506,6.584115634836226,6.66964477751516,6.609441
4406,6.65,6.271389137293254,5.906086525755123,6.23590909090909,6.116188436028208,5.993467486372327,6.289285541516165,6.129032621707918,6.040991
8361,6.77,7.029577490333108,6.776460906537894,7.110882352941174,6.953008684337923,6.8426257980095455,7.0245205252491925,6.971634736403512,6.9078217
12059,5.54,6.163377353773084,6.558723903432736,6.885000000000001,6.590915515528995,6.540651872991371,6.166194006335816,6.576236900773926,6.6716304
2058,5.3,6.041073490937757,5.570843269254309,5.788793103448277,5.697891679641109,5.536528361803802,6.0957734974725195,5.851936858962986,5.568321
28921,5.68,6.170830473859761,6.185860436833583,5.978461538461539,6.045148971275754,6.383776435273158,6.139158107490117,6.225233672744272,6.2602873
6293,6.77,6.300914904465631,5.939563628935996,6.812499999999999,6.513159888762587,6.224294167168146,6.38684781862225,6.05454724413813,6.531021
30016,7.33,7.128638526154615,7.133123336115648,7.099545454545453,7.243417101626211,7.162703877855365,7.106075627544453,7.423507846667951,7.3264923
23775,7.82,7.833357763490405,7.68431751845305,6.940181818181821,6.779652819736217,7.330084542150925,7.841002160343989,7.7935263300448385,7.5160303
5032,7.07,6.358568172142632,6.276156393606004,6.5072222222222225,6.683763906207548,6.510286770616788,6.4083944876801775,6.969177344709081,6.565645
28791,6.04,5.837425858702758,5.870607667710843,6.410833333333335,6.155865306580575,5.914426728630326,5.847870588978701,5.896833043210822,5.9503813
10458,6.78,6.213967380341346,6.200470811782869,6.281702127659574,6.364549188772656,6.374116456982351,6.167588407582115,6.355130261442711,6.4559264
2994,7.71,7.447760956036699,7.749682052178538,7.336530612244897,7.189836030674923,7.477821210964862,7.444715176366381,7.154630461657297,7.332521
53149,7.43,7.008520180950333,7.096983867196793,6.457755102040814,6.869948927371587,6.811064087241853,7.02617159260488,7.182237793308411,7.0097117
37185,6.95,6.826316353386002,6.9771920852966085,7.186888888888889,7.131179583528609,6.965727381729581,6.8070512702100014,7.1485888333891285,7.0535045
14049,6.11,6.6498116508232865,6.406177125191849,6.305000000000001,6.457895158553075,6.213387135895262,6.592139612420588,6.465220568802466,6.2637315
54945,6.91,6.404668522192141,5.951403500327973,5.823333333333336,5.956036146815722,6.006654263140482,6.398258745478671,6.191684893120017,5.9068255
52252,6.5,6.166515492915581,5.8815148342116474,5.544285714285713,5.839316996092347,6.1014990912259455,6.192400899367602,6.103819296169073,5.8084908
23619,7.04,6.572043424498073,6.828534012553858,6.886842105263158,7.007190374724823,7.185247624626612,6.56925870222255,6.808626378738753,7.08836
2571,6.57,6.036730021221251,6.199987764541775,6.862666666666666,6.574108114062333,6.654731997059757,5.9842970763891135,6.418988996750935,6.7780924
1491,7.76,7.497762426991869,8.117994772239935,7.72108695652174,7.789404899699881,7.733648674146114,7.480032001988432,7.685687521719435,7.5769906
35994,6.96,6.537602102202122,6.1997448445051475,6.765652173913041,6.813645390917232,6.675848556665304,6.509971718568312,6.462821283239993,6.6392813
2006,6.87,6.804389117569538,6.926178091465528,6.313214285714287,6.681973729827874,6.803303783785949,6.797489900784903,6.996163085135878,6.8184147
58535,7.61,6.3049965040688765,6.1872200388316925,5.961666666666666,5.906360841571079,5.929964807913198,6.284351486968401,6.2896776929608205,5.937044
671,6.51,6.751634804320942,6.773768973742795,6.395217391304345,6.535061263372914,6.625832971654866,6.772126655471711,6.523448027553618,6.6553144
1783,6.36,6.40373679893322,6.290382367158482,6.281702127659574,6.154099377388728,6.304275261446142,6.378220508138549,6.305427015227178,6.0436244
3265,6.59,7.100018329814131,7.481258891724605,5.719333333333334,6.329267336606074,6.861019774282261,7.02572479624448,7.6226542587254515,6.4312005
1685,5.84,5.202055800710237,5.754160863412481,6.410833333333335,6.229237023524876,6.0870903182794525,5.277138083399599,5.974248278661375,5.8797283
41467,9.0,7.8459394730100085,8.325918378496233,8.399999999999999,8.34488233937032,8.295153661334975,7.829426751988121,8.314270974641179,8.646182
35949,7.25,7.115878626313572,7.153905052171069,6.933157894736843,7.029639963487905,7.152829390854391,7.092188776816135,7.27609251124121,7.3484316
2786,6.63,6.953127395140692,7.032299925888236,6.8336585365853635,6.945287991602749,6.789404192762205,6.975558313210334,7.013807560469593,6.97756
37433,6.64,6.6289706306435,6.372835771359943,6.6913636363636355,6.368116421674213,6.213598100781868,6.621039590324367,6.45585932837526,6.550481
32481,6.37,6.527054800575837,6.487348862830376,5.961666666666666,6.196683908971833,6.104740416789033,6.494710841121278,6.693856654033334,6.0812964
38485,5.59,5.506018103553856,5.616382489967503,5.345090909090909,5.258971192929446,5.606783847179547,5.500217109665964,5.687474954400165,5.545188
37034,5.59,6.15421971045672,6.226378690159583,6.05205882352941,6.354884533354472,6.150400420207652,6.218736681670113,6.208236801918832,6.166604
48641,7.14,6.644717488583559,6.815887814565693,7.052711864406778,6.965378472011535,6.8306443385293285,6.661169155966474,6.700411081251776,6.9410443
16005,7.45,7.300089444364563,7.479852121094666,7.625156250000001,7.624479538283193,7.591123104588737,7.27019133559321,7.207642407486212,7.5472164
18,8.17,7.982491326876014,8.703168115898055,8.399999999999999,8.342447614026582,8.684340796554023,8.023174080656561,7.91307136380452,8.436067
38653,7.22,6.398904963840058,6.2528383794815,5.961666666666666,6.2122079162375785,6.222826553537426,6.406585511453813,6.35754903571846,6.218842
42414,5.84,6.030977224512147,6.337112710077239,7.186888888888889,6.865089032270045,6.555463100920502,6.03944311563989,6.308025594697149,6.5807247
9333,6.29,6.550628450892661,6.614552925416837,6.940181818181821,6.580336374178586,6.723510377068258,6.532580544768905,6.522110980918072,6.6080866
50175,7.01,6.850805394214764,6.853436643614346,7.085102040816327,7.06310159847953,7.087789390579896,6.898127455953051,6.723224105444988,7.0572057
482,7.21,7.1290060675501685,7.074773179041629,7.329090909090909,7.096965129314595,7.284533519206541,7.115035074062597,7.210576322611122,7.105409
5664,5.54,5.656316064331312,5.655346334588728,5.445714285714285,5.567568949363664,5.40743898441029,5.6906401781866025,5.722869070075162,5.5977836
4205,6.92,6.621107344666553,6.834119187925808,7.0590625000000005,7.067249389287755,7.0590702124791145,6.61139693226579,6.761801945444246,6.9093466
11441,7.13,7.195796637056576,8.147747575192678,7.081176470588234,7.05342526597417,7.318323674033765,7.172643645828014,7.571779075141911,7.363191
34060,3.57,5.4187734708182305,4.996918751891411,5.989999999999999,5.458783112599447,5.092041043434122,5.468637323454735,5.021796932189112,4.576986
8961,6.16,5.958216448324448,5.7409375373890805,5.857250000000001,5.8330097296640915,5.75155368792508,5.988284310001506,5.70475084270775,5.682127
9242,6.0,6.3529480321284835,5.996940962102255,6.3175,6.015670583761902,6.128754330289201,6.36952765805907,6.175370992587684,5.958647
41745,5.46,4.588418197387752,4.994450087289112,5.21030303030303,5.006709451921834,4.7793273399559615,4.5826120054965624,4.839272153435501,4.9156814
205,8.51,7.858698165317592,8.133291654512057,8.040967741935486,8.103556945788297,8.204295327105834,7.800193516829452,7.581433693025529,8.22205
57691,6.2,6.6153811763945365,7.472800335446409,6.8108571428571425,6.918295362885395,7.184064029759259,6.662155621813512,6.636502644268772,7.1713448
39592,8.13,7.291699305105633,7.457834604773706,7.452307692307692,7.645842203546361,7.395391217930551,7.280687648471868,7.419961249749326,7.522013
10372,6.99,6.926814747552152,6.573344567521066,6.5072222222222225,6.558727434372112,6.7786124125625955,6.920727326592564,7.198655698758951,6.629749
41873,5.98,6.0339278943588806,6.227185052078963,6.281666666666668,6.3728802551952,6.165227996522333,6.139947204653691,5.655794052128314,6.219555
5485,7.65,7.014175883835241,7.2194216899656,7.262950819672131,7.217843613495785,7.306551510926892,7.049272736962688,7.293484924403604,7.2845397
37775,6.09,5.474220023391349,5.503020776834105,5.318,5.500428608744639,5.9754760301437715,5.483771725672015,5.609603702211671,5.6597395
3110,7.04,7.195138140536585,7.417143549380243,6.8842,6.76132239269589,7.154298410185267,7.1409756940935205,7.0834774661696756,7.162173
37515,8.38,7.56704082711221,8.028788377808265,7.463571428571432,7.071658011027751,7.570168431132356,7.501865425577658,8.230550901898969,7.6382775
40823,6.54,6.4494168355917445,6.56894272864775,7.061666666666666,6.745311261010436,6.668539174046208,6.456434617684249,6.69095739990221,6.613445
42685,5.92,5.977175259346895,5.781290017657397,6.705128205128206,6.346042600154242,5.807451057931331,6.030289553210702,5.888539479930758,5.8135014
8110,7.0,6.310366784995636,6.62034555249494,6.783134328358208,6.753716316210331,6.694531231738001,6.280384411353687,6.565484468919865,6.6505256
7054,7.99,7.297413439537539,7.571731128909577,7.623469387755104,7.558206782179384,7.5575963229455265,7.289802027076315,7.522096575070108,7.7289476
38497,5.85,5.114893703401598,5.510733753037095,5.4359649122807,5.308197464338032,5.178136302837884,5.116700397408469,5.183900981339704,5.4267917
50930,5.94,6.119110873743475,6.077976061253119,6.573589743589741,6.173796761403024,6.052778233790691,6.145893041165836,6.204335856148622,5.947517
857,7.48,6.4888616924773315,6.657987878593721,7.064912280701751,6.9873598047989045,6.680643783693881,6.5228044928713285,7.048283894519169,6.858963
35220,7.18,7.033908812707051,6.907727702809588,7.020625,6.838757047345769,7.04299973843122,7.044370748243674,6.741171258941089,6.9457226
14693,6.36,6.812945993047167,6.834745860728937,6.6913636363636355,6.328529306193708,6.657045368393039,6.838091519364516,6.923306590284982,6.5958757
310,6.08,6.358564904355519,6.162765036763969,6.219285714285713,6.225872170529341,6.3049205302980535,6.307375280191602,6.222576049454434,6.233741
42501,5.7,5.507288282045669,5.676860123878918,5.787704918032787,5.7947551058577025,5.774696020535278,5.512899969944904,5.709362055337416,5.8037515
2459,6.82,6.525357219938728,6.490607345274915,7.0590625000000005,6.991531636881957,6.768419825947417,6.56044672047963,6.822860801706195,6.9027143
31978,7.18,7.201785657674022,7.115542151203139,7.110882352941174,6.95586863741099,7.231204109438343,7.181842057506709,7.145612800156579,7.209144
352,7.46,7.03096092563853,7.134809801147377,7.064912280701751,7.161490480182058,7.056044175319895,7.014687941625331,6.9954397068331,7.0339413
11241,6.73,7.242632632044479,6.797216316126974,6.889655172413793,6.868550361441697,7.105084241159276,7.200643959010546,6.923771290606368,6.933209
43780,6.71,6.33561658988519,5.97281158777582,5.9434693877551,5.948852957661547,6.190160250659063,6.348190745158915,6.240698864320942,5.9836035
8553,6.3,6.24600568699809,6.114885348118865,6.219285714285713,6.2199009793239695,6.1694591493519715,6.224887402767286,6.015728368138868,6.139724
11043,5.46,5.470933832648504,4.896557258631697,5.743043478260868,5.776590950338816,5.591714284524892,5.5499048251974905,5.543400073943496,5.4693723
3941,6.75,6.303539558410931,6.530486662518552,6.542352941176471,6.4752159023655125,6.380706867150106,6.269108330248491,6.375254292060984,6.453423
56228,7.33,7.4674159662326325,7.496399512250905,7.2961016949152535,7.478503110053347,7.409266033284693,7.457830613795086,7.418136494037071,7.376091
2300,6.95,5.920722344689559,5.691123270581032,5.473387096774193,5.738166850170605,5.824491275307789,5.924563444281719,6.036298728455468,5.7888393
44233,6.34,6.347545775063605,6.509945827852908,7.335818181818184,7.189535859664641,6.616332174654171,6.378216734722251,6.557091024542867,7.0139065
1699,7.57,7.281404287230085,7.197824795092354,7.295593220338982,7.190903050156007,7.398056385242044,7.2281909057112586,7.069388613326726,7.353436
33500,5.38,4.390737443555178,5.127452688903062,5.4359649122807,5.310909607561413,5.401759313063598,4.405035597254339,5.093686372072665,5.241495
4927,5.22,6.173400600198729,5.678218180851648,5.788793103448277,5.636217718050746,5.732871786207917,6.215564318862496,6.004586282734218,5.6958766
12135,5.74,5.694417526068275,5.077805091770176,5.535882352941178,5.578757537328912,5.269934136303022,5.710718240632772,5.430846696981194,5.3743067
9491,4.47,6.475686087068499,6.138183561066187,5.473387096774193,6.013394549442189,6.158686305683854,6.474305001429353,6.387538535140648,6.151686
3825,6.14,6.782273673449971,6.596600045826929,6.2457142857142856,6.107342523615559,6.3298893375702265,6.757513590766868,6.586047839540149,6.373879
40755,6.11,6.006878669348616,5.879154934203557,6.467894736842105,6.4807546507860545,5.965851699232818,6.023201378616781,5.8153013681032295,5.965222
1398,6.8,6.283382003124074,6.49383863161719,6.889545454545457,6.997852707233847,6.750430759230804,6.313857824747836,6.6437647417917605,6.876483
1805,6.65,6.2058456599271645,5.793398410210812,6.818947368421055,6.4371454922312505,6.383487158685147,6.234022196590539,5.940994376204216,6.5390882
39588,6.46,6.398612145919934,6.061641282739802,6.1840909090909095,6.198562326615064,6.401201594579118,6.408413286577709,6.160765431951916,6.21877
52079,6.57,6.493036325812566,6.243909632527486,6.632432432432431,6.717471757605603,6.47194014713299,6.5055450524956555,6.589869775816071,6.456545
14075,7.89,8.00441377284789,7.934370648229115,7.540555555555558,7.48973947749862,7.803853393480371,7.969949869784676,7.681617248676103,7.555845
42206,7.31,6.575882426330773,6.820323899565065,6.8108571428571425,6.882242234068617,7.086400755483869,6.586537910606936,6.671138723059233,6.9927316
2145,5.82,5.930491472012237,5.683803352199827,5.758235294117648,5.699380387229584,5.7123362682286265,5.94230675946004,6.22207088432269,5.7788563
34539,5.64,6.170069581218858,5.909117130952473,6.010399999999999,6.061244715059384,6.37748808209685,6.1576830894681915,6.064015040563342,6.213615
30205,7.15,7.045703432990138,6.722459151095258,6.639999999999999,6.781617879414823,6.868431622735893,7.038963351517388,7.071869704081495,6.9270415
18821,5.58,5.2581340515998045,5.621753566818588,5.569117647058825,5.741750600983561,5.573901428849518,5.229874767402229,5.547982027075527,5.5792246
5859,6.62,6.045796820443915,6.3412620453748385,6.704285714285713,6.288379835670279,6.2264456344895605,6.066453561162102,6.095227417184736,6.1736145
30803,6.39,5.753588665714073,5.9992686243933315,6.010399999999999,5.884267256361191,6.050093932542974,5.719017244367225,5.865041578886222,6.058347
36099,5.73,4.609233404040277,5.3702249435574645,5.533636363636364,5.356351944336506,5.509900872226011,4.609689611530988,5.03319318689534,5.3935986
31521,6.72,6.452876675906733,6.83827241134276,6.730535714285714,7.015529815450905,6.947058332871204,6.432691841143055,6.869252043939081,6.9725738
8862,5.85,5.128270255802576,5.000812967026325,5.569117647058825,5.748094913301667,5.392753673634218,5.124701435197011,4.964043475272158,5.569113
7427,5.91,6.217568528052769,6.096496795315263,6.221428571428571,6.216703498474303,5.904238688611407,6.221318259689767,6.12092252257697,6.062748
22683,5.41,4.452505345739264,5.4780589876458485,5.533636363636364,5.46502193568311,5.190831129274785,4.478046302732341,5.179080315983436,5.234409
28069,7.69,6.916809531028292,7.7409968481340625,7.4733898305084745,7.371508990098893,7.305882885010028,6.900623253621215,7.273605818311629,7.3677034
33037,6.89,6.76752398750927,6.632411520154446,6.625000000000002,6.677459289948029,6.555588843157127,6.705085242371865,6.227565897090289,6.603633
27663,8.0,7.706983491037425,8.153180305915928,8.166470588235295,8.036208093814457,8.14900927668569,7.7070284663588025,8.188906962574045,8.142661
1082,6.74,6.750412689047545,6.756200490485078,6.5072222222222225,6.596297630292305,6.567771910765669,6.757376547080201,6.7283191679013985,6.567822
23369,6.67,6.405691763076438,6.2789319684288705,6.922826086956522,6.728436328811492,6.372406722379485,6.41018929983446,6.530326998940216,6.6947117
22249,6.44,6.414032242132822,6.258331534929098,6.167794117647059,5.889799607456287,6.291464644518245,6.402833676149067,6.343776584736004,6.0867934
7463,5.98,6.060230491115048,6.009834201815325,6.5174647887323935,6.549026950177374,5.74852043869954,6.164277283011945,5.796214993079461,6.0931997
52031,6.65,6.649791407555493,6.263147413471286,7.061666666666666,6.903405615953233,6.731604406669508,6.6483887549314105,6.24751303271594,6.736909
6038,5.76,5.890953822711435,5.604730680928379,5.4595312499999995,5.589924789567681,5.526280230976417,5.908456326919942,5.905175369339683,5.553479
33114,4.82,5.133415019402703,4.866964948410043,4.708857142857143,5.004273812619937,5.022117559021317,5.142009275966298,4.94088397712812,4.9304
33541,4.73,5.490723484009592,4.287322829759842,6.159999999999998,5.8893337113393835,5.170872419676885,5.659575720916721,4.515678877990263,5.500518
2551,5.18,5.723837674695802,5.125538889611362,5.037,5.350348599685878,5.233058580902309,5.717145999704148,5.356076172544213,5.2480125
35329,5.0,6.119753017282476,5.689732816441448,5.961666666666666,5.936764990684772,5.762130695144374,6.13293080167272,5.910916853147456,5.8872366
23299,6.53,6.375470007910431,6.5268477575669674,6.6599999999999975,6.441475535953554,6.378372635993222,6.373926062790901,6.359590032357845,6.408372
29573,6.57,6.367622725272607,6.621476647819886,6.783134328358208,6.8787720805176376,6.707615454086616,6.344105728430739,6.567474635446755,6.7085857
30743,5.48,5.608185979383815,5.429323383085316,5.569117647058825,5.783301608270129,5.705280423692169,5.614021593334121,5.60670890417481,5.8165383
15325,6.45,6.347896128870188,6.880892796109792,6.122121212121212,6.263063095989256,6.0676149455668265,6.315374712335941,6.512007570228618,6.107787
16794,4.77,5.719538121882533,5.7205853140774074,5.556315789473683,5.6518849707785375,5.5993868032137835,5.737296291116254,5.600942970675719,5.4579763
50575,6.62,6.600123551449613,6.559505508658719,6.611587301587302,6.707060600460761,6.491685693139111,6.593591979488483,6.483894850746543,6.53133
55578,6.57,6.781543266507242,6.839554353633597,6.8108571428571425,6.918250384911458,7.0979626473810535,6.787396667774622,7.1661243146094105,7.0263953
24701,8.72,8.143433069385214,8.65006729574705,8.116200000000003,8.105470279965605,8.700301379168101,8.100962213150314,8.600646219292585,8.59253
59564,6.25,5.133153823461358,5.063059736688342,4.5725,5.1300710161269025,4.754147364555056,5.117956952043398,5.021093005349094,4.8306575
5640,5.34,6.397086175315389,6.240716437899119,6.459714285714288,6.256846696795562,6.060884507478644,6.413973927669103,6.20178088362397,6.14556
27833,8.05,7.831028140991974,8.187829133314565,7.675172413793102,8.065418588040155,7.89141370451483,7.790932488044806,7.832439351635358,7.9712195
57864,8.68,7.832151953907463,8.235772032324878,8.184285714285712,7.899136393691317,8.583784212944014,7.777511841007795,8.306328194986818,8.463354
19957,6.02,6.094031474142916,6.130933054292122,5.891777777777777,5.939143728836722,6.0717647262056795,6.12018452502949,6.052136634923173,6.1333
55547,7.74,7.278275252706717,6.724254121610807,7.6088888888888935,7.224113958220043,7.253201754031333,7.281964722071176,7.234178185657829,7.306712
50399,8.66,8.101137388217948,7.789312541551463,8.102121212121212,7.871938213201769,8.804329806235652,7.988166151725624,7.203400251878525,8.612316
3595,5.86,6.134163393143495,5.774047927563081,6.122121212121212,6.337852276730836,6.119055284096161,6.1249682040647615,5.84923809293521,6.160539
40658,7.28,7.305431405310204,6.860420011299852,7.052711864406778,7.309968516246513,7.464906816714687,7.285342510982666,7.07314167235714,7.442574
2104,7.65,7.578473942790252,7.661204268533717,7.295593220338982,7.366828582143396,7.683738560752275,7.511669693577848,7.912050723594042,7.5970674
9433,5.67,5.459008588313679,5.953274780937718,6.03848484848485,5.782095825451056,5.788187182251561,5.464784561836006,5.881217648592456,5.844844
39652,7.04,6.55003882201091,6.413175787941261,6.011612903225807,6.454449959013509,6.606518722075927,6.545797110890752,6.747998630296323,6.454244
38971,6.88,6.709149388630084,6.274965708688562,6.884230769230769,6.446315339116789,6.349499118688512,6.689526271247049,6.739103226379924,6.3810577
55739,6.34,6.957747982614595,6.921021852187065,6.253076923076923,6.537316406939469,6.16953108909192,6.98730749488525,6.773625261287427,6.5104866
36135,5.52,5.610464406114388,5.267432050193974,5.884225352112676,5.8021812819659875,5.139593908342484,5.663001260559023,5.609156884487813,5.5380425
34227,6.91,5.731795686446896,6.00333450801448,6.212666666666666,5.850913551158386,5.98038614738347,5.70363299798991,5.94967939094945,6.0433354
29603,6.22,5.750274536399611,5.673060347431731,6.03848484848485,5.961798054916262,5.8082588787387675,5.759542571517074,5.81258857624859,5.857777
33190,7.8,7.41410169646721,7.4839463854802615,8.209534883720933,8.044808240571351,7.906307055234712,7.385561082196169,7.454243187887942,8.03928
39199,6.41,7.030628581478614,6.804077077482286,6.319534883720929,6.4028612830707585,6.750563324443312,6.999352866993071,7.283301551980735,6.4653816
6067,6.43,6.870425312640775,6.799157374680695,6.064523809523812,6.397908286754905,6.607568303724886,6.863995092648601,6.7981385032505335,6.442456
9515,6.62,6.351039225672257,6.383898491662875,6.951176470588236,6.9923640833705445,6.639564678615695,6.339470157090135,6.387731393390327,6.4427466
6234,6.29,6.595678113832132,6.486973725853801,6.704285714285713,6.708689975492536,6.14164862351412,6.568625680774656,6.173690294420659,6.339737
2505,6.63,6.101939438601373,6.24361528186437,6.281702127659574,6.284584164613002,6.403199940279034,6.115562757651761,6.145331123704613,6.2837276
3799,5.02,5.819963186239006,5.4824052390760505,5.318,5.257549488239903,5.130856795367759,5.859500096343903,5.339343029739954,5.315232
32189,7.21,7.224768477277203,7.624827105232595,7.540555555555558,7.568431552665483,7.536208320767646,7.244051686415729,7.468715424084715,7.4219913
13799,6.43,6.511240615191357,6.5782096789423505,6.392857142857143,6.269028070471022,6.584815701949481,6.483181548152637,6.3618699397321485,6.3583527
42358,5.0,4.892309774237206,5.323451987417666,5.115135135135136,5.175709145317894,5.10064461693735,4.89672235966132,5.070223164893997,5.0149403
6583,6.22,6.493816081614073,6.3553032556072715,6.521666666666666,6.310312698941776,6.264519115798788,6.446342246693415,6.335929418452163,6.3015785
38130,6.83,6.106022393726306,5.810561981255392,5.743043478260868,5.8092244463200355,5.959974466975871,6.118734653541911,6.110716052412034,5.910916
5865,6.55,6.6350726968545,6.280245388361602,6.221428571428571,6.445216878469643,6.301406058821593,6.625923919984794,6.683488349195869,6.4591594
201,7.19,6.798710507172539,6.8085461899705955,6.884230769230769,6.694048193637401,7.199286943692219,6.786379763432998,6.697485742203954,7.3029084
3512,6.15,6.383872846113246,6.245928185479556,6.940181818181821,6.310938597524003,6.278177163295585,6.409799272670379,6.217314435800896,6.211743
53887,8.06,8.35575843826009,8.261249121786257,8.112666666666668,8.23779457164611,8.569269315986856,8.260847040594806,8.189744274607136,8.402726
489,7.35,8.02334027248132,7.5436892932892,6.973437499999999,7.266148426500684,7.628561175915549,7.976557000778794,7.983203760700976,7.531665
33505,7.2,6.778308134093378,6.636683784236245,6.8927272727272735,6.822654412419541,6.789198979747363,6.756132849131758,6.731373099015946,6.8514614
4775,5.53,5.619659755382289,4.983657219661551,5.741269841269844,5.68730385511047,5.524284003595141,5.677159791872005,5.288068272454266,5.5329986
48604,6.16,5.950473018313845,5.559477473749373,5.610263157894737,5.665721574631282,5.690740961234676,5.973742328980803,5.807661464771561,5.6192207
85,7.89,7.901946552874239,8.05601551033826,8.399999999999999,8.297980610374871,8.174164612050008,7.8876924126079455,8.187619564693522,7.906057
48606,6.15,5.8132749321024715,5.5257378506675074,5.989999999999999,5.64250298237623,5.596775645237886,5.8285114873917685,5.6393988862230175,5.571321
34599,8.64,7.830087700852614,8.633098041683475,8.112666666666668,8.105657250979789,8.36236366279674,7.769369285584219,8.468208188505113,8.377155
57485,5.94,5.3059739623656865,5.444110736557726,4.894347826086958,5.4300518375441875,5.459537865675087,5.346746181441982,5.30827149127308,5.4129477
2630,6.88,6.031729604791014,5.87456062253801,5.823333333333336,5.998755311504508,6.012064055206536,6.050480574293137,6.119250839176007,5.9743085
3000,7.18,7.4779426055017995,7.188590298764172,7.5272727272727264,7.352290914350189,7.388361025641537,7.484123432029413,7.273009276466619,7.345458
40819,6.95,6.840484942762157,6.615783165569807,6.8927272727272735,6.924135012269233,6.96723455266311,6.801812345828369,6.875614385812042,7.050416
5496,6.36,6.763447719318886,6.456492217307051,6.785,6.4405982390034975,6.345797080118041,6.819593680472917,6.753130378428631,6.302082
4473,6.66,6.048955147464538,6.67357857939355,6.1331914893617006,6.297237283092255,6.284662785849447,6.036197954076447,5.851025205566213,6.4075656
2869,6.03,6.043032715317165,6.189680454129701,6.187,6.08715436210233,6.022844729144293,6.051064879589178,6.115978035186407,6.021969
11457,6.91,7.332033665916799,6.848008829325088,5.978461538461539,6.622874005262046,6.85733457467803,7.259698033608793,6.594782118123206,6.9240947
41445,5.03,5.231961397717363,5.09553432127559,5.21030303030303,5.0012361838055375,4.934603899652772,5.227784245236438,5.15031813564499,4.8902726
40082,7.8,7.61676692126335,7.183924547340938,7.463571428571432,7.115221125533733,7.436653701533042,7.607926078757945,7.2307046954963,7.287904
24355,5.27,4.902301675839685,5.426459117288648,5.341923076923075,5.4153334808011415,5.41604757111547,4.898561035388592,5.3316336029030715,5.4635706
55850,7.1,6.903045492859245,6.994323885876566,7.138636363636363,6.963692765357465,7.296450392452633,6.887750497036744,7.005271470631238,7.437596
36824,7.33,7.098945193576318,7.339494515591977,7.186888888888889,7.368777494826569,7.521967667419121,7.064954043986983,7.298336661484784,7.525139
30242,6.51,6.572283471758181,6.535098750714994,6.630303030303029,6.605692728921699,6.516764545587342,6.538888568177942,6.593411781298911,6.5696354
22561,5.15,5.234231536365433,4.952979791193335,5.68338028169014,5.508095541473107,5.017698005933365,5.244396194395128,4.838666649996707,5.2525806
53448,6.92,6.576833840229623,6.4787660907498035,5.961666666666666,5.924952027316207,6.437580708457075,6.548149476581683,6.817478168657173,6.273269
5653,6.21,6.18357249135662,6.4694802728121585,6.501060606060605,6.320016452237761,6.122553836678198,6.13869706984485,6.278994818985362,6.0665097
50754,5.7,6.056677291456804,6.039314201949591,5.475333333333333,5.3406220690317,6.242982152063372,6.05975148446215,6.0001896307746305,5.6648393
882,6.79,6.7579466207016665,7.07129078456195,7.0770454545454555,7.255068540950435,7.051477038193829,6.756363236011033,6.955738956396479,7.00898
19433,5.83,4.998689215606564,5.819024122995337,5.695116279069766,5.83412733209679,5.8519270252075355,4.969108226739792,5.73978595148382,5.8652325
3297,8.47,7.480793368996724,7.786049252535327,6.973437499999999,7.228642195079075,7.757333275890508,7.445296461798922,7.634692599442153,7.774754
4355,5.69,6.022219765651711,6.061190172484679,6.102972972972973,6.0591928040404115,6.004800584346911,6.0350322128711,6.001315812919319,5.956216
24713,6.21,6.839001449083269,6.088538009011812,6.609756097560975,6.547230522718182,6.268091458916559,6.765706867224239,6.218181506647797,6.2073016
40732,7.31,7.102150795743752,7.185384640843178,7.186888888888889,7.1537577895633415,6.591690993388789,7.072341256610265,7.2476283588269865,7.0255003
683,6.33,6.252802480469215,6.314381515097462,5.865405405405406,6.012027436754427,6.015741413519031,6.296873667677885,6.193225733180284,5.9377966
602,6.51,5.638271033677757,6.277743077102867,5.788793103448277,6.048937445556356,6.376798112881643,5.732377000264849,6.441945047441878,5.948272
9611,7.32,7.213520035100472,8.118934636281242,7.6088888888888935,7.265272113894815,7.670949654421901,7.194160093940259,7.546703704264146,7.4037857
5321,6.24,6.15015049360105,6.455186168227075,6.187,6.116402368575209,6.150174559817613,6.156828925572389,6.241223902199656,6.0617356
10370,7.06,6.923197141877225,6.62472669874244,6.625000000000002,6.741327061796082,6.7942556460085415,6.88976532539451,6.730256040063566,6.857646
3882,5.25,6.303911506093949,5.778124026586977,6.414666666666667,6.2279521406835014,5.854419871391171,6.29857097565578,6.22047554072941,5.9035306
5983,7.06,6.533052628507175,6.445309389837089,6.115999999999999,6.465364691413573,6.320715816097755,6.504131563765072,6.351923471701635,6.3508053
40211,8.3,7.768032560994609,7.721821161472163,7.463571428571432,7.384271831984034,8.771887514211636,7.716290055720949,7.176200689301277,7.983261
33874,6.47,6.362699320858602,6.271581210520355,6.3175,6.1192601877675035,6.203146798074936,6.362023971034647,6.347115463882096,6.305226
23877,4.16,5.66186457369105,5.231859344266002,5.961666666666666,5.675938832381408,5.265697656967171,5.7012831856926445,5.779387431817425,5.072454
50217,6.65,6.534852253999399,6.713004670797191,6.479999999999999,6.690871009082338,6.554104227496296,6.5630630090863304,6.550139312487442,6.637252
12065,6.03,6.001460033661922,6.059001451126451,6.313214285714287,6.597222502121795,6.434893809154866,6.044187811927449,6.236300979192894,6.176828
8743,6.13,6.257756715737094,5.913025436830137,5.585365853658536,5.735156380706562,6.007576732663463,6.261947260682612,6.086019859388977,5.9311204
46000,5.32,6.149420612578527,6.051998583841132,5.610263157894737,5.607883612376253,5.330093989765397,6.173939961266405,5.724762978139134,5.5208325
51095,5.52,4.942712403122901,4.991961477599989,4.708857142857143,4.816617557081537,4.947774500682345,4.950319596096056,5.015478454851927,4.862588
5501,5.65,5.743070733985876,5.590497606772717,6.077272727272727,5.977674360371744,6.034594024008872,5.727355047842506,5.53972074634874,5.8962
1902,6.63,6.422528242571371,6.03550537576747,6.305000000000001,6.686502444091879,6.474114447316722,6.373060662201239,6.2646183769721056,6.4894753
40935,7.76,7.9806015574857465,8.368529933148793,8.040967741935486,8.033011475381494,8.153397948589125,7.92127445428963,7.999552345527684,8.397016
55597,6.75,6.682290512054468,6.509812366004584,6.86338028169014,6.688699349104875,6.566372998341095,6.706276450494632,6.676190569521481,6.644649
28593,6.07,6.568766593440566,6.860717761409363,6.704285714285713,6.818175493984139,6.562701275490061,6.595069783501061,6.554028144334115,6.599644
35446,6.83,6.692193604527652,6.547191963313425,6.512575757575756,6.398097404661656,6.287062884418187,6.703277135117541,6.7601299122072795,6.4867873
10721,7.93,7.212021976958189,7.676126607277607,7.341060606060607,7.301220989469761,7.7528104528970525,7.168868711850896,7.700819741431539,7.558146
40708,6.53,6.789350133983846,6.8227387616731505,6.281896551724137,6.364247827812821,6.446734811159672,6.748429436758611,6.624566581670262,6.3823547
2964,6.66,6.581403427893832,6.552533855664785,6.395217391304345,6.484367886865429,6.589112321181389,6.594826719099266,7.223308704656881,6.559574
4037,7.41,6.713670065495052,7.3230217079722255,7.328611111111112,7.257190215757183,7.161993727530888,6.719303416127409,6.7634069374758905,7.2952566
3953,5.43,5.363027562620235,5.077921447568895,5.516666666666667,5.651261447443341,5.32506020571047,5.4345647165401045,5.128552151278223,5.4293237
3537,6.66,6.253041951641267,6.379816369912931,6.630303030303029,6.630032650212982,6.637996582132009,6.221251654786032,6.381721611493006,6.581712
437,8.55,6.940580000075905,7.7111383260795945,7.9001492537313425,7.901956655906159,7.921465998932703,6.9131375438067115,7.577308076079316,7.676973
31471,5.1,5.812513052183456,5.8678744689800455,5.4359649122807,5.395965090302423,5.638358271603736,5.797458914026765,6.093949768627246,5.373263
3292,7.3,6.644961610494198,6.95118970698254,6.573589743589741,6.2832819658683405,6.546666644921921,6.641185880464555,6.706543491763966,6.405552
10216,7.5,7.444849193034667,7.507371064435896,6.5174647887323935,6.600098458747636,6.817281950538744,7.4123046898550315,7.422609735307455,6.968294
3747,6.25,6.402183843892487,6.368059006731069,6.501060606060605,6.445833749384671,6.390492524759943,6.356135678899671,6.3031410178837834,6.371666
29261,7.26,6.3820504014972865,6.741449392962734,6.630303030303029,6.675285972171684,6.595029369509082,6.398150453838274,6.46997314224155,6.610052
1713,6.22,6.5519914394712915,6.26828145345853,6.718611111111112,6.844231278387864,6.575912503125601,6.622554768683338,6.370509570593308,6.600665
56758,5.69,5.828912591646274,5.588775295695062,6.173731343283584,5.976042118447156,5.670932107749839,5.866952943228938,5.649117697910954,5.8098507
10581,5.94,6.098034669098391,5.646535033642235,6.5293220338983025,6.407398198185596,6.045265950077696,6.187488262082919,5.567761572966555,6.1685557
2429,7.08,7.049378617062155,6.712227967253218,6.785,6.279472359502047,6.6237274734381195,7.025213199931799,6.923550151237912,6.6467905
37920,6.55,6.768166914952369,6.224016312108151,6.63,6.498330032390839,6.608078617766271,6.767574650608404,6.972613417437286,6.565099
44050,6.55,6.1571158407904285,5.951073301831239,5.844,6.029776374494766,5.925228390756358,6.187722306223585,6.033967722075026,6.0008802
39621,5.71,5.378510739962975,5.428278577873647,5.86735294117647,5.550741042188933,5.515453902172721,5.394669442251281,5.333532538740414,5.4637027
38555,7.45,7.318629093203629,7.293895669329912,7.4502040816326565,7.363515405958968,7.444402887811791,7.313364490119918,7.151031499938119,7.3805237
3809,6.73,6.869850754879689,6.622743914210655,6.756874999999998,6.6423404966995525,6.484731913286906,6.830752082199437,6.744766226766253,6.764154
50379,5.27,5.607803243076562,5.980788646653496,6.03848484848485,5.930880623368744,5.817215541831846,5.666677335660799,6.15528180787293,5.91306
750,7.08,7.472038872752531,6.97492988396775,6.5174647887323935,6.63671738894582,6.755231325589626,7.463788493436363,7.018751125171477,6.72236
19211,7.18,6.72741477984106,6.964223206435435,6.889545454545457,7.117307752846222,7.076343943158778,6.752517635800872,6.817128232909049,7.1036854
1188,6.11,6.659515622673406,6.48671841193087,6.3374999999999995,6.328014305372842,6.248660215770158,6.657068735081388,6.546645528206181,6.233587
56967,6.21,6.672201378092105,6.624633836144482,6.43848484848485,6.719498075615427,6.914878184736447,6.702477010461798,6.521786654679773,6.7437053
5651,6.65,6.474487545934564,6.2180279734424735,6.542352941176471,6.5699647352368,6.719414502304376,6.431081276670454,6.4660491944978995,6.692181
4353,6.63,5.995781158762683,5.816316731468294,5.934166666666667,6.021423822186395,5.703220348483403,6.042381541260207,6.096708911660253,5.8425875
34723,6.04,6.621455575371376,6.562355303393637,6.281666666666668,6.089635563722579,6.359074089616585,6.5906647896077475,6.617590567606382,6.133636
39175,7.38,6.539820374519018,6.498567581439286,6.941333333333332,7.243146348252438,6.942199954227851,6.59450441883797,6.438230796489588,7.1130204
49134,7.12,7.213602024866709,7.151339668758963,7.052711864406778,6.86448818683856,7.161444148158432,7.117627807301513,7.155441722582895,7.131222
830,6.68,6.177092384944094,6.4163486319242,6.630303030303029,6.719378001402382,6.574505733899632,6.186380139765653,6.286311583915118,6.6450286
3312,6.98,6.9841594266278975,6.9752027491965,6.765652173913041,6.769533221086548,7.085491286905051,6.9746883740314845,6.616827350260166,6.908863
8403,5.91,5.506153697334908,5.8214958219507595,5.891777777777777,5.824657219542485,5.982636657306881,5.497246453263674,5.673440354082702,6.1437683
22169,3.09,5.105494195577229,4.532976525080425,4.283488372093024,4.414372359920179,4.737553440912094,5.123222349752311,4.845452157073824,3.9744766
37164,7.3,6.492404969005088,7.27027917945838,7.0536,6.7807777697661935,7.204035289203519,6.5500355935295556,7.275951432758662,7.418078
630,6.73,6.904296898779378,6.702943684891882,7.057777777777776,7.059396598699291,6.4724526141582945,6.917170082692143,6.7865201101429635,6.962305
16009,7.27,7.265112425519453,7.265753399366813,7.282222222222223,7.009900274093667,7.214995157491451,7.253620985888392,7.35474491178406,7.208939
34447,6.54,6.337253768171124,7.114567546285121,6.8108571428571425,6.836048360398181,6.864117422455723,6.362576416705,6.654866279020152,6.9139028
11013,7.36,7.345608241265228,7.287243906359637,7.09803571428571,7.20493280521245,7.361133634155962,7.309815532766401,7.359950262908216,7.19949
17002,6.21,5.545252479222768,5.304977887814965,5.876250000000001,5.701798472249753,5.31918418404413,5.590758373441127,5.31627758170557,5.471174
54928,5.76,5.052031571918206,5.520250670175363,5.533636363636364,5.531012937239785,5.793751251083189,5.071056067510575,5.264963368432152,5.556101
33948,6.78,6.790781114139445,6.73145544531283,7.09803571428571,6.9736949731268565,6.885277776256555,6.805561932793705,6.844338446782075,7.0911503
29807,7.08,6.787999308190508,7.156337714960869,7.138636363636363,7.0297165155246635,6.9034487037713275,6.760363911844188,6.805230372103205,6.8786635
13089,5.52,5.699975255113812,5.668728548964937,6.074827586206896,5.731791985348065,5.875853114970178,5.70029278452745,5.72362453739933,5.816287
37932,7.91,6.8732961353309285,7.757297730945814,7.344615384615385,7.679016129260345,7.728832014564159,6.875820685397948,7.564820354222592,7.897086
8457,7.37,7.010709497498856,7.273833141254482,7.536326530612245,7.486685090244613,7.566346372722714,6.986545484239703,7.281260955028257,7.503327
30641,7.0,6.606404820379516,6.870394720519013,6.975076923076921,7.007639821644523,7.089518155865831,6.619305424262825,6.7959882549021255,6.9488583
2136,6.87,5.956088111596797,6.270145560592592,7.130000000000001,6.524961244198966,6.306838873079762,5.979144972743103,5.951282529925555,6.3798537
10765,7.34,6.688523741967258,6.498078471197466,6.884230769230769,6.671851301756977,6.865482117786389,6.665333764450633,6.588479974995249,6.793498
3147,6.23,7.2457391686576065,7.106530513666175,6.705128205128206,6.585269561560423,6.711163271660892,7.233395350325153,7.442944045839043,6.772216
23055,4.07,5.080946899192301,5.208119868647698,4.708857142857143,5.048604264365357,5.178815797147753,5.1110804850416525,5.21742938969804,5.1646805
508,7.01,6.492963475645876,6.335917517813027,7.329090909090909,7.058060956259024,6.870548196203167,6.456595607921221,6.615127980205102,6.989775
12035,6.62,7.125810779345093,6.750426315430984,7.022857142857144,6.972825923745676,6.909116054924542,7.127412477587993,6.929985326013702,6.780414
43711,6.34,6.203094722093803,5.8999158426350915,6.173731343283584,5.9143070934057205,5.754687045992017,6.21608907331872,6.112548813183132,5.949151
45567,5.7,6.378095673514913,6.087987127566562,5.934166666666667,6.0332737784786366,6.024460437600054,6.367027495624586,6.305863024228595,5.964
5226,7.2,6.943754809579738,7.111966916646294,6.718611111111112,7.028150626161287,7.088951242401054,6.93485459931029,6.934852790954802,7.144459
23459,6.71,6.887765953721063,7.1599264201567205,7.3471794871794875,7.284579053441567,7.397938362717299,6.887268392442499,6.914625200993556,7.4008517
12057,6.61,6.199962673043136,6.418106326400701,6.743650793650795,6.641101690074024,6.482007713840523,6.224000066337714,6.235192639922708,6.5965343
42291,6.44,6.583248804815874,6.631496084561362,6.611587301587302,6.681156380140494,6.759992549004277,6.6013432669530445,6.671712618775037,6.4530296
15749,5.81,6.67802108590943,6.540463545797384,6.115999999999999,6.562728012655286,6.127243854149942,6.748508912797888,5.63940021055962,6.608274
10822,7.01,6.618971829462676,6.725371866452025,6.8441509433962295,6.493293405598541,6.677329981926171,6.589185995880923,6.842028863354694,6.694788
42385,6.92,6.561745773160581,6.695273064131231,6.500666666666665,6.437925335055204,6.534384406716083,6.591896805705289,6.44283803525331,6.558762
36882,6.72,6.788411693082516,6.266590767974679,6.281896551724137,6.231810934853257,6.16677743255881,6.738013370907743,6.387896629997339,6.1314917
3778,5.71,6.337201862253692,5.4797660965716055,5.620277777777778,5.6495753870420895,5.796804939874432,6.332520196741808,6.010067635363413,5.701102
9445,5.79,6.036794545509958,5.722913640941946,5.788793103448277,5.697914530522892,5.827009994232473,6.038877011720865,6.258818243455738,5.7662315
31456,6.66,6.834963569099649,6.564332840427322,6.289361702127661,6.521642849639791,6.566301462352365,6.796759310630383,6.448464315188517,6.5113072
28841,7.13,6.513224959728175,7.117689603674891,7.231379310344829,7.250726814046928,6.932840311681901,6.554941873906861,6.74370058544314,7.1974425
625,5.39,5.91648519030735,5.3208273121665774,5.344090909090909,5.776663405369161,5.61094088462372,5.924461889061087,5.649980114598111,5.601257
3268,7.34,6.5085793265199055,7.623676156210052,6.908431372549019,6.783982926014461,7.012070120881149,6.497530931682788,6.683508781954879,7.070691
35228,6.89,7.457399548362355,7.513621873043344,7.6404000000000005,7.403984123625883,7.6786622222424885,7.439757629522254,7.421499658679185,7.653833
10924,6.29,5.858435035566965,5.642451950162241,6.730535714285714,6.644942623686068,6.141752576832306,5.895336103476564,6.070700528236517,6.275878
55186,6.83,6.8391191599982175,6.8498987303673236,7.697500000000001,7.227405403034326,6.933314301303424,6.856784095279211,6.778079141898532,7.2294197
3247,7.14,6.616733247888786,6.76043749176059,7.0590625000000005,6.9641298795901285,6.913901971664365,6.599718053353771,6.947079377323947,6.8661785
17947,7.44,6.935180863648974,7.855327065083414,7.022857142857144,7.107228843659,7.296059188706288,7.004044255236109,7.176635569753445,7.319426
1778,7.24,6.933991794547496,6.943838633870854,6.96876923076923,6.741603494355726,6.810384381938034,6.924869915304123,6.845579508579898,6.8604436
2798,7.26,6.2593673545026975,6.899407760235567,7.130000000000001,6.810269653999173,6.712070126327363,6.280594441353834,6.408394372301477,6.7819448
35069,4.73,5.225369830433794,5.22855963788512,5.308055555555556,5.46935019027752,4.959077539614625,5.2629056154764,5.326294164295217,4.9441085
5570,4.96,5.288370219003544,4.851691948282122,4.853098591549297,4.909721258275739,5.030462349833975,5.315726495221426,5.008909835503155,4.9520273
8331,7.49,6.724252397507477,7.194081535531002,6.8441509433962295,6.953387390490154,6.972022890585614,6.714481725815228,7.133711827826791,7.19231
35759,7.45,6.976085937103241,7.205561640091392,7.775142857142859,7.604738692221125,7.096992793746459,6.955724785389981,7.245448227612863,7.1984596
27653,7.17,7.185887434155878,6.886518491048152,7.110882352941174,6.95586863741099,7.158819396903269,7.170650212579975,7.0380945242207,7.1078515
35982,7.15,6.514290532871139,6.734998119892102,6.0194117647058825,6.350730236567229,6.812909459802821,6.530200914554758,6.558590417031095,6.5392103
50473,5.94,6.217277290407651,6.166810657262471,5.989999999999999,5.677095699432059,5.8153970599817875,6.215140694245342,6.055119112046623,5.752104
7597,6.06,6.403062655622876,5.921285946276109,5.473387096774193,5.730913304832693,5.981318530145144,6.3830709496929545,6.35710962129853,5.758385
34878,5.73,6.093764156973849,5.757362708999302,5.743043478260868,5.8556807166629685,5.873895942592656,6.108437201647574,5.947586537672041,5.8869686
48568,5.65,6.342072916146938,6.052868080799449,6.039545454545455,5.9264416510126185,5.835131438543584,6.366079695046685,6.269121978978321,5.8048916
11841,6.62,6.766555551094264,6.5255600609040165,6.289361702127661,6.361599620497018,6.45820872249863,6.752056702097606,6.484467900528487,6.599696
53595,5.47,5.95233875758691,5.822716785610361,6.989285714285715,6.589298806114341,6.065502276252418,5.981896179612533,5.757737190574052,5.926638
9584,6.21,6.217683626160427,6.125223094229289,6.074827586206896,6.041454813457365,6.20874392913549,6.222186001060645,6.126673235280657,6.0354795
50919,6.71,6.633677944384287,7.0810892787928,6.975076923076921,7.004514345521957,6.9377001903942705,6.611087483534073,7.058394140382287,6.9483776
32698,7.11,7.251067292271583,7.05073175508875,6.951176470588236,7.208329341757704,7.436703498754526,7.185220800394021,7.22425528268563,7.3091416
3916,6.19,6.124095342020038,6.615529509841654,6.783134328358208,6.653607571565456,6.6011453761670005,6.1294629512954995,6.265548517478707,6.6378274
1098,5.9,6.844244140098003,6.671159190712732,6.828596491228068,6.79986445503257,6.798387316247051,6.850749730465147,6.5292606528763795,6.665046
52734,6.2,6.354556007313972,6.202599038772865,6.173731343283584,6.211836277512221,6.212489485253141,6.384947292690012,6.16291844593706,6.1994066
9367,6.78,6.426310446511409,6.05840991282446,6.639999999999999,6.643244046292163,6.170823908590848,6.451063439140708,6.449232949581919,6.3244634
6368,6.39,6.2915819754017575,6.337270245776557,6.704285714285713,6.7076753746331415,6.459527552439633,6.328471155130169,6.137017809221726,6.5195327
6761,5.85,4.889174960923079,5.615931359748284,5.461666666666668,5.456772314381502,5.639438065650203,4.881600620987679,5.3470281455014534,5.490733
11433,7.4,7.132240212636546,7.26643491064997,7.057777777777776,7.076968084273664,7.16733568705805,7.124646410951007,7.328422744050519,7.274795
18097,6.65,6.940736718370822,6.912558155061215,6.765652173913041,6.827540372149601,6.606950042973467,6.895450828211098,6.929441439576529,6.714981
2368,5.69,5.602467940250516,5.5706010963302,5.544285714285713,5.693469371043093,5.601029485349347,5.654982357186406,5.426285957095569,5.747726
898,7.07,7.055717538306656,7.197978306603413,7.081176470588234,7.261372219675082,7.159334191165634,7.050670529427135,7.141167816942975,7.278777
57198,5.74,6.1222146657048535,5.954590663169991,6.885000000000001,6.329488021233386,6.120208493703483,6.1250194207692985,6.194765552237067,6.130184
29803,7.9,7.306431929976305,7.405224824795719,7.4502040816326565,7.3136529429118635,7.355973684663086,7.288486649655892,7.502636220659118,7.4462867
8514,7.7,7.503743519516477,7.615946074293897,7.478750000000002,7.405248227221185,7.427251396279599,7.445546097649162,7.544910901880887,7.5484486
27909,6.45,6.5408574880334704,6.558464035022792,6.278846153846152,6.352094175931704,6.603564932551903,6.512559312622371,6.661243636512396,6.70281
10572,6.75,6.665812388639874,6.530377318533651,6.437916666666666,6.546975599707598,6.626431763610847,6.703050317307041,6.8072990700236735,6.5950713
40651,5.4,6.055915201082542,5.541909583872587,6.145294117647059,6.173807048561329,5.635396798849097,6.12623346840875,5.552443261744948,5.681411
7455,5.31,6.14189911968822,6.195725370247926,5.758235294117648,5.874632258411036,5.8568629043569045,6.108422856332879,6.440986948521513,5.766893
37826,7.05,6.339152970248703,6.677152966472602,6.493243243243242,6.947152046594725,6.7263843274690025,6.3624237027705295,6.668862895042568,6.771125
37058,5.89,6.1947053810830095,6.239227838828675,5.884225352112676,6.364602434913175,6.456984239976792,6.253242213140605,6.2836236703202575,6.2426147
57031,6.21,6.855262265258218,6.712508018055776,6.86338028169014,6.641616915808956,6.463242324697705,6.867403541441728,6.622731357657975,6.5426283
7583,6.34,6.234270935944268,6.325804967881868,6.278846153846152,6.255693968169799,6.227645241286083,6.205326586693071,6.520969221169297,6.1597548
2209,5.63,5.762740043430265,5.714154078588837,6.014482758620691,5.7769657772970255,5.803744542821475,5.806535133417376,5.684365779160057,5.7256274
6895,7.35,7.264520646046987,7.220903025380797,6.8842,7.051590738519333,7.18202009586961,7.2236209699637035,7.237567610875214,7.0271816
20449,6.96,6.781505179674731,7.188888392584298,6.973921568627452,6.855690663518625,6.900841455853004,6.737093769642425,7.019909895883824,6.8836217
33429,4.78,4.66391966420897,5.285538466428351,5.115135135135136,5.171942501718305,5.119206906263738,4.679849680451537,5.1130063325840425,5.1562414
3720,6.33,6.574266302280073,6.296999585601766,6.101521739130435,6.135731566696761,6.379987642102112,6.584285615353329,6.5643755254436575,6.2285438
6779,6.83,6.373639731185801,6.578897527316654,6.253076923076923,6.2262599020122495,6.523586925706259,6.326537541788058,6.524810141768409,6.2805414
41223,6.91,6.825304747485561,7.171352790867038,7.6088888888888935,7.373453625303786,7.225984607407887,6.842193702885517,6.963171016348383,7.240159
30898,7.04,6.385213501879604,6.617249739917008,7.130000000000001,6.895001494752409,6.7923916067782395,6.396991892498539,6.504104507236542,6.810102
51219,6.31,6.511381191025382,6.296598822274577,6.281896551724137,6.280705038605654,6.363090599607777,6.513120611933603,6.424545856941651,6.392361
31147,6.64,7.001678964525622,6.783871771539713,6.765652173913041,6.558713724760931,6.673636610447956,6.964118170478895,6.904617143449965,6.669925
38669,6.64,6.811146994750643,6.73210849367216,6.500666666666665,6.474491530282054,6.864850267587334,6.783499599032664,6.490873036963275,6.7586336
42641,5.8,6.490573143973781,6.015900823629152,6.0134285714285705,6.542981294326229,6.425406815372189,6.537713143043451,6.458858598657825,6.314931
37037,5.66,5.9533794287877235,5.960395549492245,5.461333333333332,5.84495189375889,5.596723048889644,6.034416320225311,6.182857387400566,5.6759353
19871,5.81,6.44625763658528,6.349106801374289,6.319534883720929,6.49174186028656,6.27762525719281,6.432746262824429,6.374392463333956,6.3625755
20909,6.88,6.973844949127098,6.83888732759472,6.704285714285713,6.856991341044887,6.945870302395562,6.9599999626021125,6.937919217477108,6.7196794
6116,7.21,7.747584475659975,7.329518654925491,7.329090909090909,7.116343416527432,7.562329259268893,7.627085518984042,7.003924796065926,7.6439257
10711,7.19,6.773572262631972,6.840131234057574,6.493243243243242,6.897731432271684,6.880017321453931,6.736128674256123,6.801911313528856,6.826446
10417,5.33,7.236180578686588,6.651067329700887,6.280909090909089,6.6627387338873705,6.089679239740307,7.223913608690407,6.750544680339746,6.1255207
5203,6.88,6.796714398773865,6.736123431648379,6.5072222222222225,6.539210226952102,6.687062229639923,6.7676639296724,6.779059958758846,6.6954293
18661,8.07,7.3252573598431,7.992976218661032,7.281052631578947,7.503106336840443,7.7736455921282355,7.2906487169542595,7.9840061048012965,7.728461
34409,5.25,5.6908582311529035,5.4917440257916414,5.345090909090909,5.238355024338214,5.160279977460676,5.697492788606557,5.792414356578593,5.530455
16696,5.56,5.205767174845336,5.671144518029041,6.03848484848485,5.764021827625575,5.736292353750887,5.222762521157509,5.518567931797627,5.6228995
3579,6.72,6.922322567321176,7.247135368325086,7.341060606060607,7.259895743635802,7.06008173514562,6.943799548551514,7.122027060939338,7.1564245
34946,5.65,5.636250613787762,5.851574910285598,5.817037037037038,5.884576283160869,5.871326571885135,5.611032545066881,5.964642456967878,5.923061
37474,6.89,6.577863815680293,6.612824812656385,6.426578947368423,6.492411656213132,6.637374615807167,6.595122758041385,6.645731805311097,6.5665784
29862,5.22,5.362555549794882,5.393170598373102,5.341923076923075,5.430604091787011,5.213780381287886,5.388235292098499,5.319678782029239,5.307207
38027,7.56,7.25150220625063,7.635625487790455,7.3471794871794875,7.2000477919530885,7.489459106745025,7.168685055096323,7.7639917679143124,7.8515244
10033,7.51,7.296225057073149,7.421235420943544,7.734461538461538,7.477227504536992,7.282232232359197,7.268028431886643,7.241134165088649,7.46962
27539,6.99,5.981654403691623,5.979589662619477,5.923076923076922,5.760740884045175,5.848055547096804,5.991149801186861,6.04909180147758,5.7872815
30393,4.79,5.3455468631662235,5.334168344696636,5.488676470588236,5.447160568486805,5.426399506823241,5.388964459879876,5.43531346008737,5.297787
23903,5.63,5.621387864316795,4.838731225161362,5.535882352941178,5.542458347427866,4.884752170595233,5.681591644260585,5.40439674787333,5.18826
37896,6.01,6.64140425311084,6.814249808724153,6.077272727272727,6.641436466639388,6.3248719816115235,6.608468673427042,6.980321420515411,6.51232
53223,8.72,8.076098163125467,8.773247485095258,7.844374999999999,8.186303877604546,8.382473431946238,7.9651981419787,8.675380480346421,8.389442
12471,6.64,7.254680522745141,7.055055162374148,7.282222222222223,7.065497477037496,7.2875354255679365,7.257211315417235,7.080312468522701,7.2797914
49918,8.24,8.214581494970158,8.087275814792125,8.399999999999999,8.218884562668674,8.427934511301881,8.190971203346534,8.190510926639147,8.008794
25157,7.03,6.798781689261157,7.136045996196984,6.8336585365853635,6.885000001927594,6.4235688406481755,6.854118235983372,7.056599559874045,6.751336
8651,6.41,6.192266915491271,6.3594537818158505,6.014482758620691,6.010090787285667,6.075430366487299,6.173631329008002,6.223260282877979,5.813479
41848,7.45,6.753837444554606,6.649876080940755,6.743650793650795,6.904004450982165,6.944114327530499,6.741156692494759,6.7242188548877735,7.0313115
9395,6.29,6.460260846527059,6.696851393907782,5.8146875,5.883661869303984,6.340871953380386,6.405907597063573,7.001004319967787,6.211204
34411,4.73,5.5384333911907,5.591933760479612,5.308055555555556,5.460382834896262,5.126699523153228,5.581962989308373,5.527553456252157,5.249691
7,7.24,7.238419338245401,7.323419012450017,7.5272727272727264,7.293396714711998,7.222161799823522,7.2523793516108155,7.257489483224079,7.268447
53516,7.43,7.196741648187864,6.996209304546775,7.08,7.209830607267435,6.983675485000588,7.205524753152938,6.907660910263514,6.9438267
3155,6.21,6.097365569433265,5.82377774557898,6.010399999999999,5.924952060984381,5.978026033805134,6.066806310197725,5.898508764635687,5.971909
7106,6.11,6.569837591809091,6.716841639246663,6.889655172413793,6.818937367175511,6.721158187457281,6.5784968722322645,6.605757535150609,6.7570043
57975,6.08,4.33937999615405,4.62554539345487,4.283488372093024,4.414946683461267,4.976000930552027,4.339285407984301,4.791050000861604,4.831929
34864,5.35,5.899903040344628,5.551548375756184,5.535882352941178,5.658119374759859,5.4638626220270154,5.917745164808344,5.7111082264558455,5.4532743
37983,7.0,6.746848108799469,6.875741800701633,7.328611111111112,7.363609032333432,7.263368801352711,6.749792668114434,6.770702979330735,7.636507
22571,5.59,5.141417408514618,5.5052428958878075,5.787704918032787,5.7904704190985035,5.720657891333171,5.145090916750949,5.498722975629846,5.703141
32086,7.02,7.269622043813984,6.87179100992471,7.463571428571432,7.2638495137969255,7.110087708908154,7.286949085824378,6.537243875631105,7.185639
47777,6.94,6.8383581498677986,6.934360159155236,6.941333333333332,6.865143915388797,6.979931613431444,6.823432073328956,7.064146746727405,6.899667
36746,5.14,5.329600853258029,5.589912924421122,5.863571428571428,5.539977102865876,5.433835653048584,5.329519711077109,5.574091903619785,5.5398736
33045,6.67,6.325023515476044,6.404214135171063,6.521666666666666,6.511355535360936,6.129167499105453,6.296048963727692,6.404396650596023,6.207846
2595,6.85,6.82337004621865,6.8445730734260675,7.071481481481483,6.7888857023886136,6.523648785539392,6.793276193894237,6.6403785639702235,6.520071
1922,6.91,7.38145087330174,7.050831843044995,6.889545454545457,7.068569084146504,6.946354449566376,7.383935719038734,7.025454352155321,6.941785
15109,7.24,7.381960360378084,7.336806972998503,6.903749999999999,6.787849455642709,7.090749693769872,7.391517678044276,6.755962876005608,7.0601807
11825,4.88,5.21702349364295,4.893403523517731,4.853098591549297,4.8884967622670015,4.7945077364518065,5.222985467832064,4.842217765197373,4.901717
8436,6.27,6.78178450416007,6.569308498749262,6.437916666666666,6.242913947027866,6.517519448630509,6.708823167279951,6.5627114775414395,6.3471904
8507,6.51,5.9354789931664,6.063496913493503,6.922826086956522,6.716875276595797,6.232910361300371,5.982911823171589,6.426604668051887,6.427476
8275,5.65,5.938169912680298,5.81808208427423,5.758235294117648,5.913497195195409,5.930650906169387,5.960553517880604,5.870489277147861,5.8814917
39518,7.14,7.061473683873361,6.807148605163042,7.450666666666666,7.021702920301308,7.0753159767827425,7.006210254007662,6.821443482028515,7.0491896
30311,7.66,7.2423818267070725,7.28404203356022,6.8108571428571425,6.9741842955660855,7.65774989024592,7.217214156497097,7.536867154417349,7.5357146
1608,7.42,6.723067515525276,6.998308421265458,7.057777777777776,7.0320371646147395,6.780113122889277,6.76744355650108,6.715461333871605,6.9391537
32255,5.88,4.467893530975793,5.41756151522845,6.061363636363637,5.801321996268567,5.491821935856397,4.5600552199351725,5.979479155747857,5.8119617
40587,7.24,6.698816541850022,6.802005898129655,6.774366197183095,6.607881828518826,6.8686086494330265,6.708641132194674,6.886122053710711,6.993898
40078,5.89,5.277913380695319,5.5051917872094265,5.533636363636364,5.323418945420246,5.4715475069215564,5.293755864714442,5.329868812949846,5.466976
44616,7.45,7.339239508562924,7.256101630803586,6.785,6.424782397709416,7.309030149708904,7.329103285063455,7.386606157555211,7.113869
3171,6.44,6.2001879310368375,6.425272935916858,6.187,6.121888710559106,6.026182298880635,6.208315362296513,6.304617278384281,6.094635
9716,6.63,6.712817479512517,6.689708416175808,6.705128205128206,6.536239053437046,6.677686727448341,6.6508302764072305,7.0322327015253,6.818838
23281,7.4,7.332422110809436,7.182214806423383,7.341060606060607,7.225285780262513,7.400452111836975,7.316900578000947,7.369035094183328,7.347245
2460,7.12,7.232332264414635,7.178415903356064,6.9805,7.006394808652996,6.923536509296841,7.222118789389852,7.242080260525647,7.049575
25835,8.27,8.16764662138133,8.177563413421847,7.72108695652174,7.7442574893064595,8.245755787063382,8.108394063578224,7.791355173713492,8.169127
25293,5.32,6.171742316313899,5.7431881255037265,5.610263157894737,5.6171314346875665,5.646131106252982,6.178315938468664,5.889051350992331,5.666833
59162,6.49,6.685070721044367,6.481232968791833,6.501060606060605,6.417386378005713,6.601676146383271,6.684845662773502,6.7957215048232795,6.5644054
4566,6.03,6.201641118843227,6.162215802081118,5.934166666666667,6.184621602087591,6.309456306647848,6.2233633965381845,6.272226101368867,6.226382
13233,5.45,6.144439026691476,5.825377819157497,5.535882352941178,5.6122891968859685,5.763000064581594,6.138477602160866,5.9515797967757,5.778432
41547,5.89,5.03225873881741,5.396633559623911,5.318,5.3887859323362655,5.248776740303807,5.054565488720369,5.263488856191374,5.305126
13117,7.59,7.374423472256885,7.5637428056969656,7.267358490566037,7.282441661436871,7.486344698504309,7.339787745470728,7.5949501525378755,7.5307407
44200,7.58,7.434311111278816,7.716932556206458,7.465890410958902,7.661279840838859,7.849583825025873,7.423860597575015,7.650135440363501,7.8300347
1629,6.6,6.817046132046917,6.796606474126425,6.500666666666665,6.769715605102962,6.776188436713869,6.80626345599348,6.739880229534135,6.9389486
6055,6.77,7.276390651090513,7.040114261078119,6.500666666666665,6.696174437335024,6.864848315881438,7.255305017214271,7.184736950950754,6.7998943
9349,5.81,6.115891154993072,5.194136875566975,5.373095238095237,5.468501934473517,5.487245055639638,6.1228322493504335,5.9367944756718725,5.4115252
9969,9.02,7.915000382649719,8.749056790521994,8.112666666666668,8.146978136053526,8.58506097654843,7.878817371714562,8.664820244820772,8.667409
9523,6.19,6.911275278135696,6.150571567994132,5.5745000000000005,5.975422667020123,6.1346445925386694,6.87469717860951,6.698855748748,6.1637735
18637,6.15,5.924023057547832,5.7901600436264635,5.535384615384616,5.77279408935873,5.928490113159098,5.935720706959083,5.84597962772693,5.754539
2873,6.76,5.995530617510867,6.052216789951847,6.501060606060605,6.411273311573273,6.278507685583271,6.016350222192797,6.205601716682754,6.185171
36777,6.76,6.581743315069801,6.796444942847247,6.280909090909089,6.4712473348147785,6.32601778112712,6.532482690004372,6.89416372308205,6.582063
24273,6.36,6.051879228256977,6.28249736053171,6.281702127659574,6.344080035083175,6.210871711387365,6.062722152140127,6.110837066875257,6.2793984
42030,7.22,7.123915031774748,7.354533094704783,7.465890410958902,7.475704399702922,7.389849994237643,7.118896382528837,7.404908242329359,7.572242
35367,5.91,5.710473645058238,5.327705960041071,5.569117647058825,5.718157337413315,5.662715172730121,5.683775484538402,5.633430613037389,5.5992627
2124,7.02,6.576023255028424,6.699997674349347,6.467916666666667,6.662851678566707,6.954242988952296,6.57216792692505,6.869620018414911,6.907809
1074,6.77,6.2397796403881625,6.299407092317895,6.668695652173913,6.870735868837033,6.540258501948117,6.248983878436748,6.174884211650021,6.4885964
57947,7.36,7.172299636846542,7.145122129125472,7.335818181818184,7.193756949215093,6.830545752322802,7.1251933054866905,6.851549088295954,7.152903
50662,5.69,5.83785041544325,5.72931720414852,5.341923076923075,5.496743107969249,5.524750637381074,5.843541565324686,5.657688238029636,5.5933704
2285,6.38,5.92628516929448,5.927215109914134,6.410833333333335,6.412825938418453,6.150652893631036,5.920804838756192,6.275244395144538,6.038279
4298,5.62,6.209504424410862,5.922500937536264,5.4595312499999995,6.055018186464875,6.105903716054494,6.218658275850787,6.095664923646258,6.1100574
33051,8.23,7.641366696538732,8.003575154116863,8.166470588235295,8.06992906552803,8.4392786397605,7.647131454223938,8.115325905421221,8.021075
417,6.45,6.157349340037022,6.20836468377757,6.765652173913041,6.67683916222945,6.381563301557945,6.204303993823347,6.216638058848943,6.458411
11785,6.97,7.046921182837761,7.04253084983216,7.09803571428571,7.077908754488997,7.147188205001424,7.037437221532404,7.1688076820973325,7.1457
22057,6.86,6.631749325563577,6.959822026467226,7.0770454545454555,7.219056623481251,7.072435572575025,6.634470843319319,6.836917147347501,7.1703844
2651,6.96,6.4695408042565905,6.6462362602806495,6.209574468085107,6.536508566605724,6.75718232890103,6.445234346581388,6.778501139491654,6.7290554
54849,5.57,6.503808408421111,6.19128602417512,6.299863013698627,6.228870361128197,6.150303570427904,6.463375426136515,6.426299550442474,6.125071
341,7.21,7.197179237274152,7.443684150978295,7.295593220338982,7.175719332244252,7.076584484423479,7.199267827412014,7.4187739758750775,7.2459354
37989,8.24,7.810220940178262,8.41601061647252,8.112666666666668,8.170787406724763,8.258730880861123,7.809491904506261,7.859893782770344,8.284143
20951,5.43,6.335205394145438,6.026122357802312,5.349375000000001,5.577824369402874,5.738182764656986,6.29186362068511,6.309471672482343,5.7094884
9332,7.11,6.409319410628188,6.417316398474548,6.884230769230769,6.549593778718337,6.545960718241236,6.371221238469121,6.528013256145609,6.3991904
1473,7.75,7.317174353451657,7.614374149749055,7.675172413793102,7.682710244577258,7.730256740794427,7.313685306694378,7.512884175103703,7.7619696
42774,6.1,6.352733534299227,6.141477373837595,6.03848484848485,5.910928434280707,6.142233388499568,6.334263914933044,6.227154859956016,6.0600176
47792,5.99,6.088503193980591,6.012274742295631,5.585365853658536,5.731737487898661,6.023661389167057,6.087856945341059,6.5616770645389355,5.811019
28963,5.97,6.242589979822184,5.788903924906187,5.961666666666666,5.8633454183039735,5.756928772156737,6.26487953575246,6.114069157977184,5.7674627
20039,6.96,6.830214525026872,7.510534777344576,7.0770454545454555,7.250117357793514,7.289358220586322,6.803869204362319,7.023057095150956,7.2279534
2883,6.48,6.235573886251058,7.027572904426977,7.130000000000001,6.651095471260348,6.356223213979987,6.269901781928902,6.2906405023871805,6.7169504
12069,8.08,6.8426936879759825,7.418914606526562,7.0590625000000005,7.1328706826451995,7.451662893000432,6.83441262230406,7.577473231319329,7.239323
649,6.75,6.787259075694929,6.900883002878251,6.795185185185185,7.111645055572815,6.843740101203259,6.741546916093521,6.736989203835692,6.9072976
25647,7.25,7.179171368118753,7.047963371394955,6.8108571428571425,6.926607239337632,7.05822151937852,7.232007613396552,7.20596962644346,7.2090044
44807,7.48,7.983626853928733,7.855271282006297,8.209534883720933,8.108487942759135,7.7151381824178165,7.859961145578242,7.86744115045688,7.987416
12851,5.74,6.109187712240067,5.892169973068976,6.123593749999999,5.9304427598051035,5.728942980274249,6.145854810477068,6.118258444433917,5.747455
2330,7.34,6.959286683018844,7.075418316553277,6.96876923076923,6.953501990355744,6.936878566725238,6.9823175345534505,7.0944810504357,7.1153193
39191,6.92,7.0138583003083035,6.910233847173181,6.611587301587302,6.715153050063547,6.674880837866336,7.040003467841126,6.852898806411253,6.6691756
5552,4.84,5.141791871271969,4.831935494116714,4.853098591549297,4.91706142399261,4.989398002655802,5.165855258506934,4.9645802099425715,4.95445
34086,7.29,7.298624014623353,7.51330806002128,7.540555555555558,7.644782378188696,7.527194018904772,7.294465140753762,7.559929026578426,7.56889
1515,5.27,6.32595618806614,6.593997025624493,6.313214285714287,6.538799718626275,6.267237261024903,6.363674518240733,6.208234098489637,6.369586
1390,5.96,6.004392782915669,6.02017157309531,6.014482758620691,5.752092893871287,5.978078693271955,5.988681337686828,5.995908210103101,5.9039803
2534,6.28,6.177053923746982,6.492916194265882,5.938412698412697,5.808049726965381,6.081378637037462,6.225419749666131,6.541217391260999,5.9114704
6347,7.5,7.271089547873122,6.815408220617566,7.064912280701751,6.930020521897249,6.878277429798255,7.244723813488421,7.095756137320532,6.8550158
8311,7.71,7.138224079243549,7.649984713842623,7.341060606060607,7.28078942658909,7.217369936520259,7.166317026613917,7.437888068194468,7.5887003
6201,6.67,6.67132229420274,6.66066662575799,7.4502040816326565,7.231235044741484,6.805621873933729,6.677912890533622,6.625878140389689,6.936835
14719,7.87,8.234016372729233,7.78838588415019,7.734461538461538,7.6769180406728745,7.984171701319872,8.18830027771074,7.7582673796099275,8.008556
12959,6.88,6.286197965525088,6.894247392080583,6.743650793650795,6.667357149089712,6.693125112642009,6.305500980579734,6.4164868982783165,6.6670666
50285,5.81,6.429116241336498,5.8717450581038735,5.884225352112676,6.075803277216809,5.83905395710096,6.439383150276161,6.199225907171218,5.7091784
6558,5.99,5.978929432150026,6.019555542646861,5.813333333333334,6.092543091105249,6.147436414868618,5.992795005417531,5.98923136824501,6.0460715
27757,5.57,5.3826690593472994,5.87380351385283,5.863703703703702,5.538730613467934,5.571026601589682,5.362309559745778,5.2748949482073195,5.4615884
35838,8.23,8.155100755211572,7.610907413689222,8.040967741935486,7.8865997615636525,8.289598088660973,8.119881207933874,7.754466504507359,8.12817
456,6.91,6.782925013582999,6.840959163592504,6.96876923076923,6.916932628363152,6.965535489420919,6.784904672810559,6.968491720816724,6.927328
9939,5.83,6.115689849193495,6.150732747349787,6.102972972972973,6.176749321257913,6.141930318297231,6.127460552971224,6.13429141293667,6.1738734
38400,7.74,7.271617011532597,7.713572882350602,7.775142857142859,7.590349911560176,7.459489715511295,7.274564169343311,7.463912143624713,7.694237
31297,7.2,6.871757377545776,7.264819656341528,7.0770454545454555,7.163172878543975,6.855178992866765,6.819634602979906,6.669418796429606,7.0929065
1225,6.9,6.387163364240287,6.619745872412117,6.777599999999999,6.6644309747611965,6.4534570955521735,6.386128113863966,6.5163970368739035,6.6464667
40960,6.45,6.314838559621545,6.24707182921061,6.281896551724137,6.343358088781505,6.5185081228226895,6.308411276009786,6.6870912275884224,6.5064807
687,7.1,7.038029074009883,7.052004124960145,6.862666666666666,6.9952569135830736,7.173588511014023,7.018778425624237,6.7135287515359305,6.82737
274,7.17,6.4539183133356115,6.698695825370251,6.7700000000000005,6.847648668543222,6.93134969441023,6.438325829886164,7.0548524682698925,6.825946
8449,6.22,7.208247176286473,7.14795703159601,6.625000000000002,6.522691350671538,7.018468061420725,7.174600896692567,6.909508515089446,6.7794986
1896,6.66,6.13257837198391,6.460273722566774,6.281702127659574,6.313951123454179,6.4069247362935835,6.138291117938403,6.24015503094287,6.333097
7709,5.63,5.414819760982853,5.561686986389762,5.462291666666666,5.549578923157139,5.50598181370238,5.435566464273769,5.5615979072649235,5.522282
34394,6.43,6.254882634581923,6.113405989942475,6.414666666666667,6.306540663685204,6.23977554643216,6.2701142479049246,6.291685662530277,6.346031
763,7.37,6.771038351283522,6.867587867830586,6.862666666666666,6.974983409868135,7.077382826304296,6.776954547570938,7.108357571345303,6.9982185
28071,6.1,5.982885186968154,5.202671577172911,5.884225352112676,5.906070272273433,5.491214437595204,5.984939597329479,5.67877056579473,5.7169414
35180,8.91,7.762626192948307,8.718033486753534,8.112666666666668,8.24092205844649,8.349061710302703,7.745656248691252,7.921500736380337,8.574862
1373,7.21,6.61409310258786,6.85749924611994,6.8441509433962295,6.660420239433328,7.148301614283138,6.634918361901282,6.977803723076544,7.0229983
50209,6.52,6.334367953447572,6.578506924013944,6.280909090909089,6.7857012018330325,6.758429566444391,6.391805659263508,6.229927242748321,6.6656036
